2018,7,19,8,55,0
42.25529,-111.25917,1857.9,13.19444444,0,30,0.5,0.2
42.25793,-111.26266,1856,13.19444444,0,30,0.5,0.2
42.2611,-111.2669,1853.8,13.19444444,0,30,0.5,0.2
42.26307,-111.2695,1841.5,13.19444444,0,30,0.5,0.2
42.26376,-111.27036,1837.9,13.19444444,0,30,0.5,0.2
42.26417,-111.27084,1836,13.19444444,0,30,0.5,0.2
42.26481,-111.27151,1832.2,13.19444444,0,30,0.5,0.2
42.2657,-111.27234,1831.5,13.19444444,0,30,0.5,0.2
42.2664,-111.27291,1831.2,13.19444444,0,30,0.5,0.2
42.267,-111.27334,1826.8,13.19444444,0,30,0.5,0.2
42.2676,-111.27374,1827.6,13.19444444,0,30,0.5,0.2
42.26872,-111.27442,1827.1,13.19444444,0,30,0.5,0.2
42.27258,-111.27671,1827.8,13.19444444,0,30,0.5,0.2
42.28228,-111.28247,1823.7,13.19444444,0,30,0.5,0.2
42.29298,-111.28883,1823.3,13.19444444,0,30,0.5,0.2
42.29532,-111.29022,1831.6,13.19444444,0,30,0.5,0.2
42.29598,-111.29058,1836.4,13.19444444,0,30,0.5,0.2
42.29671,-111.29095,1836,13.19444444,0,30,0.5,0.2
42.29825,-111.29163,1828.4,13.19444444,0,30,0.5,0.2
42.29987,-111.29231,1828,13.19444444,0,30,0.5,0.2
42.30715,-111.29538,1815.8,13.19444444,0,30,0.5,0.2
42.30835,-111.29587,1816.2,13.19444444,0,30,0.5,0.2
42.30948,-111.29629,1816.8,13.19444444,0,30,0.5,0.2
42.31124,-111.2969,1817.7,13.19444444,0,30,0.5,0.2
42.31316,-111.29757,1817.9,13.19444444,0,30,0.5,0.2
42.31367,-111.29773,1818.5,13.19444444,0,30,0.5,0.2
42.31398,-111.29779,1818.8,13.19444444,0,30,0.5,0.2
42.3143,-111.29781,1819.1,13.19444444,0,30,0.5,0.2
42.31706,-111.29782,1820.4,13.19444444,0,30,0.5,0.2
42.31989,-111.29781,1821.9,13.19444444,0,30,0.5,0.2
42.32901,-111.29781,1818.5,13.19444444,0,30,0.5,0.2
42.3315,-111.29781,1816.6,13.19444444,0,30,0.5,0.2
42.33381,-111.29776,1816,14.5,0,30,0.5,0.2
42.33698,-111.29767,1814.8,14.5,0,30,0.5,0.2
42.33895,-111.29764,1814.3,14.5,0,30,0.5,0.2
42.34169,-111.29758,1816.4,14.5,0,30,0.5,0.2
42.34257,-111.29756,1816.4,14.5,0,30,0.5,0.2
42.34362,-111.29757,1817.8,14.5,0,30,0.5,0.2
42.34474,-111.29768,1819.3,14.5,0,30,0.5,0.2
42.34557,-111.29784,1820.3,14.5,0,30,0.5,0.2
42.34635,-111.29804,1821.4,14.5,0,30,0.5,0.2
42.34679,-111.29818,1822.2,14.5,0,30,0.5,0.2
42.34753,-111.29846,1823.9,14.5,0,30,0.5,0.2
42.3484,-111.29884,1824.4,14.5,0,30,0.5,0.2
42.34867,-111.29898,1824.7,14.5,0,30,0.5,0.2
42.34898,-111.29915,1825,14.5,0,30,0.5,0.2
42.34991,-111.29971,1825.5,14.5,0,30,0.5,0.2
42.35113,-111.30051,1825.8,14.5,0,30,0.5,0.2
42.35296,-111.30173,1825.7,14.5,0,30,0.5,0.2
42.35463,-111.30281,1825.4,14.5,0,30,0.5,0.2
42.35684,-111.30429,1823.9,14.5,0,30,0.5,0.2
42.35861,-111.30546,1820.9,14.5,0,30,0.5,0.2
42.36007,-111.30642,1819.2,14.5,0,30,0.5,0.2
42.36304,-111.30839,1818.5,14.5,0,30,0.5,0.2
42.3646,-111.30943,1819,14.5,0,30,0.5,0.2
42.36563,-111.31011,1819.9,14.5,0,30,0.5,0.2
42.36718,-111.31114,1820.8,14.5,0,30,0.5,0.2
42.36931,-111.31252,1823.3,14.5,0,30,0.5,0.2
42.37029,-111.31308,1819.4,14.5,0,30,0.5,0.2
42.37153,-111.31372,1819.5,14.5,0,30,0.5,0.2
42.37308,-111.31444,1824,14.5,0,30,0.5,0.2
42.37905,-111.31713,1833.3,14.5,0,30,0.5,0.2
42.38128,-111.31813,1839.1,14.5,0,30,0.5,0.2
42.38638,-111.32045,1842.7,14.5,0,30,0.5,0.2
42.40108,-111.3271,1842.6,16.33333333,0,30,0.5,0.2
42.41386,-111.3329,1847.3,16.33333333,0,30,0.5,0.2
42.41684,-111.33424,1848.1,16.33333333,0,30,0.5,0.2
42.42949,-111.33998,1843.8,16.33333333,0,30,0.5,0.2
42.42968,-111.34007,1843.6,16.33333333,0,30,0.5,0.2
42.42979,-111.34007,1843.5,16.33333333,0,30,0.5,0.2
42.42982,-111.34007,1843.5,16.33333333,0,30,0.5,0.2
42.43025,-111.34026,1843.3,16.33333333,0,30,0.5,0.2
42.43274,-111.3414,1843.7,16.33333333,0,30,0.5,0.2
42.43423,-111.34213,1843.5,16.33333333,0,30,0.5,0.2
42.43571,-111.34293,1846,16.33333333,0,30,0.5,0.2
42.43635,-111.34329,1846.9,16.33333333,0,30,0.5,0.2
42.43737,-111.34391,1848,16.33333333,0,30,0.5,0.2
42.43847,-111.34461,1848.2,16.33333333,0,30,0.5,0.2
42.43958,-111.34537,1846.3,16.33333333,0,30,0.5,0.2
42.44045,-111.346,1846,16.33333333,0,30,0.5,0.2
42.44167,-111.34692,1846.2,16.33333333,0,30,0.5,0.2
42.44167,-111.34692,1846.2,16.33333333,0,30,0.5,0.2
42.44169,-111.34694,1846.2,16.33333333,0,30,0.5,0.2
42.44174,-111.34703,1846.2,16.33333333,0,30,0.5,0.2
42.44222,-111.34742,1846.2,16.33333333,0,30,0.5,0.2
42.44291,-111.34797,1847,16.33333333,0,30,0.5,0.2
42.44351,-111.34848,1847.9,16.33333333,0,30,0.5,0.2
42.44619,-111.35087,1847.4,16.33333333,0,30,0.5,0.2
42.45063,-111.35485,1843.9,16.33333333,0,30,0.5,0.2
42.45429,-111.35814,1840.4,16.33333333,0,30,0.5,0.2
42.45689,-111.36048,1836.5,16.33333333,0,30,0.5,0.2
42.45699,-111.36054,1836.3,16.33333333,0,30,0.5,0.2
42.45717,-111.3607,1836.2,16.33333333,0,30,0.5,0.2
42.45796,-111.36138,1835.4,16.33333333,0,30,0.5,0.2
42.45821,-111.36157,1834.7,16.33333333,0,30,0.5,0.2
42.45828,-111.36163,1834.4,16.33333333,0,30,0.5,0.2
42.45862,-111.36183,1832,16.33333333,0,30,0.5,0.2
42.45926,-111.36217,1830.1,16.33333333,0,30,0.5,0.2
42.45978,-111.3624,1828.5,16.33333333,0,30,0.5,0.2
42.4598,-111.36241,1828.5,16.33333333,0,30,0.5,0.2
42.45983,-111.36245,1828.3,16.33333333,0,30,0.5,0.2
42.46027,-111.36263,1827.3,16.33333333,0,30,0.5,0.2
42.46112,-111.36297,1826.7,16.33333333,0,30,0.5,0.2
42.4634,-111.3639,1830.7,16.33333333,0,30,0.5,0.2
42.46664,-111.36524,1832.6,16.33333333,0,30,0.5,0.2
42.46877,-111.36611,1835,16.33333333,0,30,0.5,0.2
42.47036,-111.36675,1836.4,16.33333333,0,30,0.5,0.2
42.47091,-111.36699,1836.4,16.33333333,0,30,0.5,0.2
42.47114,-111.36712,1836.1,16.33333333,0,30,0.5,0.2
42.47197,-111.36766,1831.2,16.33333333,0,30,0.5,0.2
42.47917,-111.37251,1833,16.33333333,0,30,0.5,0.2
42.48434,-111.37597,1839.8,16.33333333,0,30,0.5,0.2
42.48733,-111.378,1839.3,15,0,30,0.5,0.2
42.48792,-111.37841,1841.2,15,0,30,0.5,0.2
42.48827,-111.37869,1842.3,15,0,30,0.5,0.2
42.4885,-111.37893,1842.8,15,0,30,0.5,0.2
42.48896,-111.37948,1843.3,15,0,30,0.5,0.2
42.48936,-111.38003,1842.3,15,0,30,0.5,0.2
42.48984,-111.38076,1841.7,15,0,30,0.5,0.2
42.49006,-111.38118,1841.3,15,0,30,0.5,0.2
42.49026,-111.38163,1840.9,15,0,30,0.5,0.2
42.4904,-111.38202,1840.5,15,0,30,0.5,0.2
42.49103,-111.38388,1839.8,15,0,30,0.5,0.2
42.49136,-111.38474,1839.8,15,0,30,0.5,0.2
42.49168,-111.38536,1840.4,15,0,30,0.5,0.2
42.49195,-111.38579,1840.1,15,0,30,0.5,0.2
42.49221,-111.38612,1838.9,15,0,30,0.5,0.2
42.49274,-111.38668,1835.9,15,0,30,0.5,0.2
42.49315,-111.38703,1835.3,15,0,30,0.5,0.2
42.49341,-111.38721,1834.9,15,0,30,0.5,0.2
42.49363,-111.38733,1834.4,15,0,30,0.5,0.2
42.49407,-111.38754,1832.8,15,0,30,0.5,0.2
42.49475,-111.3878,1832.1,15,0,30,0.5,0.2
42.49771,-111.38892,1830.7,15,0,30,0.5,0.2
42.5028,-111.39085,1838.3,15,0,30,0.5,0.2
42.50723,-111.39254,1840.5,15,0,30,0.5,0.2
42.50926,-111.39328,1834.7,15,0,30,0.5,0.2
42.51018,-111.39362,1831.9,15,0,30,0.5,0.2
42.51185,-111.39425,1834.8,15,0,30,0.5,0.2
42.51303,-111.39472,1848,15,0,30,0.5,0.2
42.51407,-111.39511,1851.8,15,0,30,0.5,0.2
42.51444,-111.39526,1853.1,15,0,30,0.5,0.2
42.51483,-111.39544,1856.9,15,0,30,0.5,0.2
42.51532,-111.39569,1859.9,15,0,30,0.5,0.2
42.51605,-111.39613,1862.9,15,0,30,0.5,0.2
42.51696,-111.39679,1864.4,15,0,30,0.5,0.2
42.51735,-111.39712,1866.5,15,0,30,0.5,0.2
42.51812,-111.39785,1874.7,15,0,30,0.5,0.2
42.52007,-111.39971,1880.3,15,0,30,0.5,0.2
42.52092,-111.40052,1888.7,15,0,30,0.5,0.2
42.52185,-111.40138,1893.6,15,0,30,0.5,0.2
42.52225,-111.40169,1895.4,15,0,30,0.5,0.2
42.52269,-111.40199,1897.1,15,0,30,0.5,0.2
42.52296,-111.40214,1897.7,15,0,30,0.5,0.2
42.52344,-111.4024,1902.6,15,0,30,0.5,0.2
42.52379,-111.40254,1903.3,15,0,30,0.5,0.2
42.52708,-111.40368,1913.7,15,0,30,0.5,0.2
42.52724,-111.40375,1913.7,15,0,30,0.5,0.2
42.52736,-111.40376,1913.7,15,0,30,0.5,0.2
42.52775,-111.40395,1913.7,15,0,30,0.5,0.2
42.52815,-111.40419,1913.8,15,0,30,0.5,0.2
42.52857,-111.40451,1913.8,15,0,30,0.5,0.2
42.52891,-111.40479,1913.2,15,0,30,0.5,0.2
42.52933,-111.40521,1912.5,15,0,30,0.5,0.2
42.52984,-111.40583,1911.8,15,0,30,0.5,0.2
42.52987,-111.40593,1911.8,15,0,30,0.5,0.2
42.53004,-111.40624,1913.1,15,0,30,0.5,0.2
42.53033,-111.4067,1913.5,15,0,30,0.5,0.2
42.53075,-111.40744,1907.9,15,0,30,0.5,0.2
42.53321,-111.41188,1895.3,15,0,30,0.5,0.2
42.53376,-111.41287,1888.7,15,0,30,0.5,0.2
42.53415,-111.4135,1891.2,15,0,30,0.5,0.2
42.53451,-111.41398,1890.1,15,0,30,0.5,0.2
42.53504,-111.41461,1891,15,0,30,0.5,0.2
42.53555,-111.4151,1890.2,15,0,30,0.5,0.2
42.53586,-111.41536,1887.8,15,0,30,0.5,0.2
42.53646,-111.4158,1884.8,15,0,30,0.5,0.2
42.53734,-111.41641,1879.7,15,0,30,0.5,0.2
42.53811,-111.41696,1878.7,15,0,30,0.5,0.2
42.5385,-111.41728,1878.6,15,0,30,0.5,0.2
42.53881,-111.41756,1870.5,15,0,30,0.5,0.2
42.53922,-111.41799,1869.4,15,0,30,0.5,0.2
42.53973,-111.41862,1869.2,15,0,30,0.5,0.2
42.5403,-111.41946,1868.6,15,0,30,0.5,0.2
42.54065,-111.42005,1867.9,15,0,30,0.5,0.2
42.54394,-111.42591,1867.1,15,0,30,0.5,0.2
42.55087,-111.43824,1858.8,16.66666667,0,30,0.5,0.2
42.55426,-111.44424,1853.8,16.66666667,0,30,0.5,0.2
42.55657,-111.44838,1846,16.66666667,0,30,0.5,0.2
42.56129,-111.45677,1845.9,16.66666667,0,30,0.5,0.2
42.56521,-111.46378,1837.9,16.66666667,0,30,0.5,0.2
42.56968,-111.47175,1828.2,16.66666667,0,30,0.5,0.2
42.57012,-111.47248,1828.2,16.66666667,0,30,0.5,0.2
42.57084,-111.47355,1826.2,16.66666667,0,30,0.5,0.2
42.57147,-111.47436,1822.5,16.66666667,0,30,0.5,0.2
42.57211,-111.47512,1817.8,16.66666667,0,30,0.5,0.2
42.57264,-111.47567,1814,16.66666667,0,30,0.5,0.2
42.57307,-111.4761,1810.4,16.66666667,0,30,0.5,0.2
42.57354,-111.47653,1809.8,16.66666667,0,30,0.5,0.2
42.57464,-111.47739,1814.4,16.66666667,0,30,0.5,0.2
42.57482,-111.4775,1814.9,16.66666667,0,30,0.5,0.2
42.57512,-111.47774,1816.2,16.66666667,0,30,0.5,0.2
42.57573,-111.47814,1817.4,16.66666667,0,30,0.5,0.2
42.57639,-111.4785,1818.4,16.66666667,0,30,0.5,0.2
42.57693,-111.47877,1822,16.66666667,0,30,0.5,0.2
42.57762,-111.47906,1820.3,16.66666667,0,30,0.5,0.2
42.57844,-111.47937,1819.9,16.66666667,0,30,0.5,0.2
42.57982,-111.47973,1821.2,16.66666667,0,30,0.5,0.2
42.58237,-111.48037,1817.3,16.66666667,0,30,0.5,0.2
42.5854,-111.48113,1826.4,16.66666667,0,30,0.5,0.2
42.58648,-111.48142,1826.1,16.66666667,0,30,0.5,0.2
42.58692,-111.48158,1826.5,16.66666667,0,30,0.5,0.2
42.5876,-111.48191,1825.5,16.66666667,0,30,0.5,0.2
42.58817,-111.48226,1824,16.66666667,0,30,0.5,0.2
42.58862,-111.48259,1821.7,16.66666667,0,30,0.5,0.2
42.58909,-111.48299,1818.7,16.66666667,0,30,0.5,0.2
42.59128,-111.48513,1817.2,16.66666667,0,30,0.5,0.2
42.5962,-111.48998,1807.7,16.66666667,0,30,0.5,0.2
42.59942,-111.49318,1817.4,16.66666667,0,30,0.5,0.2
42.60149,-111.49521,1807.8,16.66666667,0,30,0.5,0.2
42.60438,-111.49807,1806.9,16.66666667,0,30,0.5,0.2
42.60555,-111.49925,1811.6,16.66666667,0,30,0.5,0.2
42.60919,-111.50283,1810.3,16.66666667,0,30,0.5,0.2
42.61795,-111.51149,1821.5,11.16666667,0,30,0.5,0.2
42.62569,-111.51917,1829.2,11.16666667,0,30,0.5,0.2
42.62997,-111.52345,1832.2,11.16666667,0,30,0.5,0.2
42.63277,-111.52623,1835.4,11.16666667,0,30,0.5,0.2
42.63351,-111.52697,1834.9,11.16666667,0,30,0.5,0.2
42.63384,-111.52734,1835.3,11.16666667,0,30,0.5,0.2
42.63435,-111.52802,1835.8,11.16666667,0,30,0.5,0.2
42.6348,-111.52874,1834.9,11.16666667,0,30,0.5,0.2
42.63527,-111.52965,1833.4,11.16666667,0,30,0.5,0.2
42.63551,-111.53018,1832.8,11.16666667,0,30,0.5,0.2
42.63574,-111.53082,1832,11.16666667,0,30,0.5,0.2
42.63612,-111.5321,1830.6,11.16666667,0,30,0.5,0.2
42.64176,-111.554,1808.2,11.16666667,0,30,0.5,0.2
42.64297,-111.55865,1803.8,11.16666667,0,30,0.5,0.2
42.64384,-111.56204,1795.7,11.16666667,0,30,0.5,0.2
42.64389,-111.56216,1795.2,11.16666667,0,30,0.5,0.2
42.64452,-111.56461,1792.3,11.16666667,0,30,0.5,0.2
42.64547,-111.56826,1786.9,11.16666667,0,30,0.5,0.2
42.64558,-111.56871,1786.6,11.16666667,0,30,0.5,0.2
42.64583,-111.56973,1785.4,11.16666667,0,30,0.5,0.2
42.64614,-111.57088,1782.2,11.16666667,0,30,0.5,0.2
42.64701,-111.57374,1781.2,11.16666667,0,30,0.5,0.2
42.64781,-111.57636,1783.7,11.16666667,0,30,0.5,0.2
42.64828,-111.5778,1786.9,11.16666667,0,30,0.5,0.2
42.6485,-111.57833,1787,11.16666667,0,30,0.5,0.2
42.64883,-111.57892,1787,11.16666667,0,30,0.5,0.2
42.649,-111.57919,1787.1,11.16666667,0,30,0.5,0.2
42.64933,-111.57965,1783.8,11.16666667,0,30,0.5,0.2
42.64974,-111.58009,1781.3,16.33333333,0,30,0.5,0.2
42.65009,-111.58041,1780.5,16.33333333,0,30,0.5,0.2
42.65155,-111.58158,1779,16.33333333,0,30,0.5,0.2
42.65243,-111.58232,1778.5,16.33333333,0,30,0.5,0.2
42.65294,-111.58287,1778.4,16.33333333,0,30,0.5,0.2
42.65304,-111.58297,1778.3,16.33333333,0,30,0.5,0.2
42.65334,-111.58338,1777.7,16.33333333,0,30,0.5,0.2
42.65353,-111.58368,1777.1,16.33333333,0,30,0.5,0.2
42.65384,-111.58425,1776,16.33333333,0,30,0.5,0.2
42.65401,-111.58463,1775.5,16.33333333,0,30,0.5,0.2
42.65413,-111.58494,1775.3,16.33333333,0,30,0.5,0.2
42.65426,-111.58535,1775.1,16.33333333,0,30,0.5,0.2
42.65433,-111.58563,1774.9,16.33333333,0,30,0.5,0.2
42.65454,-111.58662,1773.2,16.33333333,0,30,0.5,0.2
42.65463,-111.58744,1772,16.33333333,0,30,0.5,0.2
42.65465,-111.58921,1770.1,16.33333333,0,30,0.5,0.2
42.65465,-111.59481,1768,16.33333333,0,30,0.5,0.2
42.65467,-111.60098,1759.4,16.33333333,0,30,0.5,0.2
42.6547,-111.60727,1760,16.33333333,0,30,0.5,0.2
42.65472,-111.61099,1758.3,16.33333333,0,30,0.5,0.2
42.65473,-111.6121,1758.9,16.33333333,0,30,0.5,0.2
42.65478,-111.61294,1758.3,16.33333333,0,30,0.5,0.2
42.65487,-111.61373,1756.7,16.33333333,0,30,0.5,0.2
42.65496,-111.6143,1756.4,16.33333333,0,30,0.5,0.2
42.65507,-111.61477,1755.2,16.33333333,0,30,0.5,0.2
42.65534,-111.61584,1752.7,16.33333333,0,30,0.5,0.2
42.65661,-111.6207,1751.6,16.33333333,0,30,0.5,0.2
42.65725,-111.62313,1751.7,16.33333333,0,30,0.5,0.2
42.66033,-111.63491,1748.9,16.33333333,0,30,0.5,0.2
42.66037,-111.63497,1749,16.33333333,0,30,0.5,0.2
42.66039,-111.63502,1749,16.33333333,0,30,0.5,0.2
42.66047,-111.63529,1748.8,16.33333333,0,30,0.5,0.2
42.66131,-111.63845,1750.5,16.33333333,0,30,0.5,0.2
42.66148,-111.63916,1750.3,16.33333333,0,30,0.5,0.2
42.66158,-111.6397,1750.4,16.33333333,0,30,0.5,0.2
42.66165,-111.64021,1750.7,16.33333333,0,30,0.5,0.2
42.66169,-111.64102,1750.8,16.33333333,0,30,0.5,0.2
42.66167,-111.64179,1750.8,16.33333333,0,30,0.5,0.2
42.66161,-111.64238,1750.8,16.33333333,0,30,0.5,0.2
42.66152,-111.64273,1750.6,16.33333333,0,30,0.5,0.2
42.66144,-111.64316,1750.3,16.33333333,0,30,0.5,0.2
42.66132,-111.64368,1749.5,16.33333333,0,30,0.5,0.2
42.66073,-111.64582,1750.6,16.33333333,0,30,0.5,0.2
42.65925,-111.65121,1748.1,16.33333333,0,30,0.5,0.2
42.65925,-111.65129,1748.1,16.33333333,0,30,0.5,0.2
42.65925,-111.65134,1748.2,16.33333333,0,30,0.5,0.2
42.65924,-111.65139,1748.2,16.33333333,0,30,0.5,0.2
42.65857,-111.65386,1749.2,16.33333333,0,30,0.5,0.2
42.65824,-111.65516,1749.7,16.33333333,0,30,0.5,0.2
42.65819,-111.65538,1749.8,16.33333333,0,30,0.5,0.2
42.65818,-111.65542,1749.9,16.33333333,0,30,0.5,0.2
42.65813,-111.65551,1749.8,16.33333333,0,30,0.5,0.2
42.65804,-111.65605,1750.3,16.33333333,0,30,0.5,0.2
42.65791,-111.6569,1751.1,16.33333333,0,30,0.5,0.2
42.65759,-111.65928,1748.4,16.33333333,0,30,0.5,0.2
42.6569,-111.66438,1744.7,16.33333333,0,30,0.5,0.2
42.65631,-111.66871,1745.8,16.33333333,0,30,0.5,0.2
42.65604,-111.67019,1747.9,16.33333333,0,30,0.5,0.2
42.65555,-111.6729,1748.6,16.33333333,0,30,0.5,0.2
42.6553,-111.67464,1747.7,16.33333333,0,30,0.5,0.2
42.65531,-111.6748,1747.8,16.33333333,0,30,0.5,0.2
42.65498,-111.67734,1747.7,16.33333333,0,30,0.5,0.2
42.65475,-111.67894,1747.6,16.33333333,0,30,0.5,0.2
42.65469,-111.67912,1747.6,16.33333333,0,30,0.5,0.2
42.65447,-111.68077,1747.4,16.33333333,0,30,0.5,0.2
42.65367,-111.68656,1747.7,16.33333333,0,30,0.5,0.2
42.65224,-111.69699,1747.7,16.33333333,0,30,0.5,0.2
42.65203,-111.69824,1747.7,16.33333333,0,30,0.5,0.2
42.65198,-111.69846,1747.7,16.33333333,0,30,0.5,0.2
42.65199,-111.69858,1747.7,16.33333333,0,30,0.5,0.2
42.65199,-111.69863,1747.7,16.33333333,0,30,0.5,0.2
42.65171,-111.70007,1747.7,16.33333333,0,30,0.5,0.2
42.65118,-111.7026,1747.7,16.33333333,0,30,0.5,0.2
42.65113,-111.70281,1747.7,16.33333333,0,30,0.5,0.2
42.65107,-111.70297,1747.7,16.33333333,0,30,0.5,0.2
42.65063,-111.70508,1747.7,16.33333333,0,30,0.5,0.2
42.64984,-111.70902,1747.7,16.33333333,0,30,0.5,0.2
42.64946,-111.71139,1747.7,16.33333333,0,30,0.5,0.2
42.64928,-111.71294,1748.1,16.33333333,0,30,0.5,0.2
42.64915,-111.71424,1748.4,16.33333333,0,30,0.5,0.2
42.64907,-111.71525,1748.7,16.33333333,0,30,0.5,0.2
42.64896,-111.71758,1748.2,16.33333333,0,30,0.5,0.2
42.64895,-111.71938,1747.3,16.33333333,0,30,0.5,0.2
42.64895,-111.7208,1746.7,16.33333333,0,30,0.5,0.2
42.64899,-111.72097,1746.6,16.33333333,0,30,0.5,0.2
42.64901,-111.72276,1744.8,16.33333333,0,30,0.5,0.2
42.64905,-111.72483,1742.2,16.33333333,0,30,0.5,0.2
42.64908,-111.72742,1738.6,16.33333333,0,30,0.5,0.2
42.6491,-111.7343,1735.5,16.33333333,0,30,0.5,0.2
42.6491,-111.73487,1735.7,16.33333333,0,30,0.5,0.2
42.64911,-111.74013,1740.2,16.33333333,0,30,0.5,0.2
42.64915,-111.74994,1740.7,16.33333333,0,30,0.5,0.2
42.64918,-111.75597,1733.4,16.33333333,0,30,0.5,0.2
42.64921,-111.76204,1731.6,16.33333333,0,30,0.5,0.2
42.64921,-111.76587,1729.5,16.33333333,0,30,0.5,0.2
42.64926,-111.77553,1718.4,16.33333333,0,30,0.5,0.2
42.64928,-111.7805,1711.1,16.33333333,0,30,0.5,0.2
42.64928,-111.78426,1711.2,16.33333333,0,30,0.5,0.2
42.64933,-111.79513,1702,16.33333333,0,30,0.5,0.2
42.64935,-111.80207,1698.9,16.33333333,0,30,0.5,0.2
42.64935,-111.80479,1698.3,16.33333333,0,30,0.5,0.2
42.64937,-111.81068,1692.7,17.16666667,0,30,0.5,0.2
42.6494,-111.81504,1688.5,17.16666667,0,30,0.5,0.2
42.64942,-111.82232,1687.3,17.16666667,0,30,0.5,0.2
42.64942,-111.82793,1684.5,17.16666667,0,30,0.5,0.2
42.64945,-111.83091,1683.1,17.16666667,0,30,0.5,0.2
42.64951,-111.83296,1682.5,17.16666667,0,30,0.5,0.2
42.6496,-111.83542,1681.5,17.16666667,0,30,0.5,0.2
42.64974,-111.83799,1680.1,17.16666667,0,30,0.5,0.2
42.64982,-111.83953,1679.6,17.16666667,0,30,0.5,0.2
42.64991,-111.84148,1678.2,17.16666667,0,30,0.5,0.2
42.64999,-111.84378,1676,17.16666667,0,30,0.5,0.2
42.65003,-111.84672,1675,17.16666667,0,30,0.5,0.2
42.65001,-111.85657,1671.3,17.16666667,0,30,0.5,0.2
42.65001,-111.86489,1671.3,17.16666667,0,30,0.5,0.2
42.65001,-111.86962,1671.3,17.16666667,0,30,0.5,0.2
42.64999,-111.87327,1671.5,17.16666667,0,30,0.5,0.2
42.64998,-111.87729,1671.1,17.16666667,0,30,0.5,0.2
42.64996,-111.88196,1671.9,17.16666667,0,30,0.5,0.2
42.6499,-111.8833,1672.8,17.16666667,0,30,0.5,0.2
42.64979,-111.88487,1674.4,17.16666667,0,30,0.5,0.2
42.64971,-111.88569,1675.3,17.16666667,0,30,0.5,0.2
42.6495,-111.88733,1676.9,17.16666667,0,30,0.5,0.2
42.64629,-111.88732,1676.6,17.16666667,0,30,0.5,0.2
42.64278,-111.8873,1677.2,17.16666667,0,30,0.5,0.2
42.6407,-111.88731,1676.9,17.16666667,0,30,0.5,0.2
42.63796,-111.88732,1677.2,17.16666667,0,30,0.5,0.2
42.63505,-111.88736,1676.7,17.16666667,0,30,0.5,0.2
42.63332,-111.88737,1676.7,17.16666667,0,30,0.5,0.2
42.62861,-111.88739,1680.9,17.16666667,0,30,0.5,0.2
42.62846,-111.88741,1681.2,17.16666667,0,30,0.5,0.2
42.62838,-111.88744,1681.1,17.16666667,0,30,0.5,0.2
42.62825,-111.8878,1679.1,17.16666667,0,30,0.5,0.2
42.62826,-111.88988,1677,17.16666667,0,30,0.5,0.2
42.62825,-111.89266,1677.7,17.16666667,0,30,0.5,0.2
42.62827,-111.89589,1677.7,17.16666667,0,30,0.5,0.2
42.62831,-111.89912,1681.2,17.16666667,0,30,0.5,0.2
42.62828,-111.8993,1681.8,17.16666667,0,30,0.5,0.2
42.62822,-111.89945,1682.2,17.16666667,0,30,0.5,0.2
42.62737,-111.90132,1691.7,17.16666667,0,30,0.5,0.2
42.62661,-111.90284,1703.7,17.16666667,0,30,0.5,0.2
42.62619,-111.90366,1709.2,17.16666667,0,30,0.5,0.2
42.62604,-111.904,1711,17.16666667,0,30,0.5,0.2
42.62598,-111.90424,1712.6,17.16666667,0,30,0.5,0.2
42.62587,-111.90516,1719.2,17.16666667,0,30,0.5,0.2
42.62554,-111.90791,1726,16.5,0,30,0.5,0.2
42.62547,-111.90812,1727.7,16.5,0,30,0.5,0.2
42.62536,-111.90829,1729,16.5,0,30,0.5,0.2
42.6251,-111.90861,1731.4,16.5,0,30,0.5,0.2
42.62501,-111.90876,1732.5,16.5,0,30,0.5,0.2
42.62398,-111.91019,1747.1,16.5,0,30,0.5,0.2
42.62372,-111.91069,1751.5,16.5,0,30,0.5,0.2
42.62349,-111.91104,1753.3,16.5,0,30,0.5,0.2
42.62279,-111.91171,1760.2,16.5,0,30,0.5,0.2
42.62258,-111.91191,1763,16.5,0,30,0.5,0.2
42.62244,-111.912,1764.2,16.5,0,30,0.5,0.2
42.62208,-111.91221,1766.6,16.5,0,30,0.5,0.2
42.62192,-111.91235,1769.4,16.5,0,30,0.5,0.2
42.62164,-111.91265,1772.4,16.5,0,30,0.5,0.2
42.62133,-111.91304,1774.3,16.5,0,30,0.5,0.2
42.6209,-111.91376,1778.3,16.5,0,30,0.5,0.2
42.62059,-111.9142,1782,16.5,0,30,0.5,0.2
42.62046,-111.91433,1783.6,16.5,0,30,0.5,0.2
42.62025,-111.91446,1785.6,16.5,0,30,0.5,0.2
42.62006,-111.91453,1786.6,16.5,0,30,0.5,0.2
42.61928,-111.91505,1793.9,16.5,0,30,0.5,0.2
42.61913,-111.91523,1795.7,16.5,0,30,0.5,0.2
42.619,-111.91559,1798.5,16.5,0,30,0.5,0.2
42.61893,-111.91579,1800.1,16.5,0,30,0.5,0.2
42.61885,-111.91592,1801.3,16.5,0,30,0.5,0.2
42.61877,-111.916,1801.8,16.5,0,30,0.5,0.2
42.61861,-111.91605,1803.9,16.5,0,30,0.5,0.2
42.61838,-111.91611,1806.7,16.5,0,30,0.5,0.2
42.61818,-111.91621,1808.8,16.5,0,30,0.5,0.2
42.61806,-111.9163,1809.7,16.5,0,30,0.5,0.2
42.61777,-111.91658,1813.1,16.5,0,30,0.5,0.2
42.61767,-111.91671,1814.8,16.5,0,30,0.5,0.2
42.61751,-111.91699,1818.4,16.5,0,30,0.5,0.2
42.61737,-111.91742,1823.5,16.5,0,30,0.5,0.2
42.61724,-111.91763,1825.9,16.5,0,30,0.5,0.2
42.61715,-111.91763,1825.6,16.5,0,30,0.5,0.2
42.61691,-111.91745,1823.5,16.5,0,30,0.5,0.2
42.6167,-111.91742,1826.3,16.5,0,30,0.5,0.2
42.61654,-111.91747,1830,16.5,0,30,0.5,0.2
42.61631,-111.91759,1832.8,16.5,0,30,0.5,0.2
42.61625,-111.91765,1834.1,16.5,0,30,0.5,0.2
42.61609,-111.91785,1837.9,16.5,0,30,0.5,0.2
42.61603,-111.9179,1838.8,16.5,0,30,0.5,0.2
42.61588,-111.91788,1839.3,16.5,0,30,0.5,0.2
42.61579,-111.9179,1840.9,16.5,0,30,0.5,0.2
42.61569,-111.91797,1843.3,16.5,0,30,0.5,0.2
42.61559,-111.9181,1844.1,16.5,0,30,0.5,0.2
42.61532,-111.91859,1848.9,16.5,0,30,0.5,0.2
42.61501,-111.91897,1854.5,16.5,0,30,0.5,0.2
42.61487,-111.91922,1859.3,16.5,0,30,0.5,0.2
42.61487,-111.9195,1862.7,16.5,0,30,0.5,0.2
42.61479,-111.92044,1862.5,16.5,0,30,0.5,0.2
42.61464,-111.92189,1843.8,16.5,0,30,0.5,0.2
42.61463,-111.9222,1840.8,16.5,0,30,0.5,0.2
42.61467,-111.92303,1833.4,16.5,0,30,0.5,0.2
42.61459,-111.92349,1828.4,16.5,0,30,0.5,0.2
42.61438,-111.92409,1822.9,16.5,0,30,0.5,0.2
42.61359,-111.92589,1807.4,16.5,0,30,0.5,0.2
42.61341,-111.9263,1804,16.5,0,30,0.5,0.2
42.61328,-111.92674,1802.3,16.5,0,30,0.5,0.2
42.61315,-111.92744,1797.6,16.5,0,30,0.5,0.2
42.61304,-111.92825,1790.8,16.5,0,30,0.5,0.2
42.61301,-111.92886,1787.5,16.5,0,30,0.5,0.2
42.61311,-111.93029,1778,16.5,0,30,0.5,0.2
42.61326,-111.93175,1768.1,16.5,0,30,0.5,0.2
42.61367,-111.93521,1744.8,16.5,0,30,0.5,0.2
42.61371,-111.93681,1735.9,16.5,0,30,0.5,0.2
42.61366,-111.93966,1731.2,16.5,0,30,0.5,0.2
42.6137,-111.94068,1724.4,16.5,0,30,0.5,0.2
42.61441,-111.941,1721.3,16.5,0,30,0.5,0.2
42.61466,-111.94121,1720.2,16.5,0,30,0.5,0.2
42.61477,-111.94137,1720,16.5,0,30,0.5,0.2
42.61491,-111.94182,1719.8,16.5,0,30,0.5,0.2
42.61479,-111.94623,1716.8,16.5,0,30,0.5,0.2
42.61479,-111.94863,1706.9,16.5,0,30,0.5,0.2
42.61478,-111.95108,1705.5,16.5,0,30,0.5,0.2
42.61475,-111.9514,1705.9,16.5,0,30,0.5,0.2
42.61463,-111.95168,1706,16.5,0,30,0.5,0.2
42.6145,-111.95186,1705.6,16.5,0,30,0.5,0.2
42.61419,-111.95206,1703.8,16.5,0,30,0.5,0.2
42.61402,-111.95218,1702.3,16.5,0,30,0.5,0.2
42.61392,-111.95238,1701.7,16.5,0,30,0.5,0.2
42.61393,-111.95279,1701.6,16.5,0,30,0.5,0.2
42.61419,-111.95401,1700.9,16.5,0,30,0.5,0.2
42.61426,-111.95481,1695.5,16.5,0,30,0.5,0.2
42.61439,-111.95608,1694.3,16.5,0,30,0.5,0.2
42.61461,-111.95699,1692.3,16.5,0,30,0.5,0.2
42.615,-111.95766,1692.2,16.5,0,30,0.5,0.2
42.61534,-111.9582,1690.3,16.5,0,30,0.5,0.2
42.61576,-111.95864,1687.6,16.5,0,30,0.5,0.2
42.61626,-111.95901,1688.4,16.5,0,30,0.5,0.2
42.61638,-111.9591,1688.4,16.5,0,30,0.5,0.2
42.6169,-111.95957,1688.4,16.5,0,30,0.5,0.2
42.61723,-111.96,1685.4,16.5,0,30,0.5,0.2
42.61738,-111.96031,1681.4,16.5,0,30,0.5,0.2
42.61753,-111.96065,1681.2,16.5,0,30,0.5,0.2
42.61762,-111.96103,1681.1,16.5,0,30,0.5,0.2
42.61765,-111.96134,1680.3,16.5,0,30,0.5,0.2
42.61763,-111.96189,1674.4,16.5,0,30,0.5,0.2
42.61764,-111.96219,1673.5,16.5,0,30,0.5,0.2
42.61762,-111.96272,1674.2,16.5,0,30,0.5,0.2
42.61742,-111.96403,1669.3,16.5,0,30,0.5,0.2
42.61721,-111.96514,1665.1,16.5,0,30,0.5,0.2
42.61692,-111.96707,1657.4,16.5,0,30,0.5,0.2
42.61689,-111.96734,1657,16.5,0,30,0.5,0.2
42.61687,-111.96798,1655.5,16.5,0,30,0.5,0.2
42.61688,-111.96887,1651.1,16.5,0,30,0.5,0.2
42.61694,-111.96955,1646.2,16.5,0,30,0.5,0.2
42.61709,-111.97052,1644.4,16.5,0,30,0.5,0.2
42.61711,-111.9713,1640.6,16.5,0,30,0.5,0.2
42.61704,-111.97208,1635.6,16.5,0,30,0.5,0.2
42.61693,-111.97233,1634.2,16.5,0,30,0.5,0.2
42.61672,-111.9728,1632.1,16.5,0,30,0.5,0.2
42.61669,-111.97302,1631.5,16.5,0,30,0.5,0.2
42.61668,-111.97375,1630.6,16.5,0,30,0.5,0.2
42.61665,-111.97412,1630.1,16.5,0,30,0.5,0.2
42.61658,-111.97451,1628.2,16.5,0,30,0.5,0.2
42.61645,-111.97478,1625.3,16.5,0,30,0.5,0.2
42.61632,-111.97499,1622.4,16.5,0,30,0.5,0.2
42.6162,-111.97528,1621.2,16.5,0,30,0.5,0.2
42.61606,-111.97579,1619.2,16.5,0,30,0.5,0.2
42.61594,-111.97646,1617.6,16.5,0,30,0.5,0.2
42.61566,-111.97782,1610.6,16.5,0,30,0.5,0.2
42.61545,-111.97902,1607.1,16.5,0,30,0.5,0.2
42.61529,-111.97946,1604.8,16.5,0,30,0.5,0.2
42.61509,-111.97999,1602.4,16.5,0,30,0.5,0.2
42.61504,-111.98026,1601.3,16.5,0,30,0.5,0.2
42.61503,-111.98051,1600.4,16.5,0,30,0.5,0.2
42.61505,-111.98074,1599.8,16.5,0,30,0.5,0.2
42.61513,-111.98104,1597.6,16.5,0,30,0.5,0.2
42.61531,-111.9815,1598,16.5,0,30,0.5,0.2
42.61548,-111.98183,1597.2,16.5,0,30,0.5,0.2
42.61599,-111.98241,1594.9,16.5,0,30,0.5,0.2
42.61674,-111.98312,1595.2,16.5,0,30,0.5,0.2
42.61684,-111.98327,1594.7,16.5,0,30,0.5,0.2
42.61691,-111.98348,1593.8,16.5,0,30,0.5,0.2
42.617,-111.98395,1592.9,16.5,0,30,0.5,0.2
42.61712,-111.98417,1593,16.5,0,30,0.5,0.2
42.61729,-111.98434,1593.6,16.5,0,30,0.5,0.2
42.6177,-111.98456,1596.4,16.5,0,30,0.5,0.2
42.61805,-111.98497,1593,16.5,0,30,0.5,0.2
42.61861,-111.98559,1589.4,16.5,0,30,0.5,0.2
42.61885,-111.98595,1586.6,16.5,0,30,0.5,0.2
42.61899,-111.98628,1586,16.5,0,30,0.5,0.2
42.61912,-111.98675,1586.2,16.5,0,30,0.5,0.2
42.61919,-111.98691,1586.3,16.5,0,30,0.5,0.2
42.61926,-111.98703,1586.5,16.5,0,30,0.5,0.2
42.61935,-111.98711,1586.6,16.5,0,30,0.5,0.2
42.61946,-111.98717,1586.9,16.5,0,30,0.5,0.2
42.61958,-111.98721,1587.5,16.5,0,30,0.5,0.2
42.61971,-111.98721,1589.6,16.5,0,30,0.5,0.2
42.61992,-111.98717,1593.5,16.5,0,30,0.5,0.2
42.62006,-111.98712,1595.7,16.5,0,30,0.5,0.2
42.62038,-111.98765,1592,16.5,0,30,0.5,0.2
42.62131,-111.98922,1586.5,16.5,0,30,0.5,0.2
42.62217,-111.99069,1577.4,16.5,0,30,0.5,0.2
42.62246,-111.99127,1577.5,16.5,0,30,0.5,0.2
42.6227,-111.99191,1570.6,16.5,0,30,0.5,0.2
42.62287,-111.99246,1565,16.5,0,30,0.5,0.2
42.62301,-111.99318,1561.4,16.5,0,30,0.5,0.2
42.62309,-111.9939,1560.6,16.5,0,30,0.5,0.2
42.62312,-111.99445,1560,16.5,0,30,0.5,0.2
42.62308,-111.99519,1551.7,16.5,0,30,0.5,0.2
42.62299,-111.99592,1548.6,16.5,0,30,0.5,0.2
42.62283,-111.99662,1549.9,16.5,0,30,0.5,0.2
42.6227,-111.99708,1551.2,16.5,0,30,0.5,0.2
42.62268,-111.99725,1552.2,16.5,0,30,0.5,0.2
42.62257,-111.99751,1553.5,16.5,0,30,0.5,0.2
42.62243,-111.99782,1554.6,16.5,0,30,0.5,0.2
42.62226,-111.99815,1554.9,16.5,0,30,0.5,0.2
42.6218,-111.999,1552.2,16.5,0,30,0.5,0.2
42.62108,-112.0002,1549.7,16.5,0,30,0.5,0.2
42.62062,-112.00102,1547,16.5,0,30,0.5,0.2
42.62026,-112.00186,1547.1,16.5,0,30,0.5,0.2
42.62009,-112.00238,1545.4,16.5,0,30,0.5,0.2
42.61994,-112.00306,1544.3,16.5,0,30,0.5,0.2
42.61984,-112.00377,1546.7,16.5,0,30,0.5,0.2
42.61981,-112.00432,1547.6,16.5,0,30,0.5,0.2
42.6198,-112.0048,1547.9,16.5,0,30,0.5,0.2
42.61985,-112.0056,1543.5,16.5,0,30,0.5,0.2
42.61991,-112.00616,1540.9,16.5,0,30,0.5,0.2
42.62001,-112.00662,1539.9,16.5,0,30,0.5,0.2
42.62017,-112.00713,1534,16.5,0,30,0.5,0.2
42.62073,-112.0086,1533.5,14,0,30,0.5,0.2
42.62156,-112.01083,1534.7,14,0,30,0.5,0.2
42.62204,-112.01226,1538.6,14,0,30,0.5,0.2
42.62231,-112.01322,1538.4,14,0,30,0.5,0.2
42.62258,-112.0143,1538.2,14,0,30,0.5,0.2
42.62275,-112.01511,1537.9,14,0,30,0.5,0.2
42.62297,-112.01623,1537.8,14,0,30,0.5,0.2
42.62377,-112.02056,1529.5,14,0,30,0.5,0.2
42.62418,-112.02284,1524.4,14,0,30,0.5,0.2
42.62432,-112.02384,1524.3,14,0,30,0.5,0.2
42.62442,-112.02471,1523.9,14,0,30,0.5,0.2
42.62451,-112.02596,1520.5,14,0,30,0.5,0.2
42.62452,-112.02638,1520.5,14,0,30,0.5,0.2
42.62454,-112.02748,1520.5,14,0,30,0.5,0.2
42.62453,-112.02832,1519.6,14,0,30,0.5,0.2
42.6245,-112.02904,1518.8,14,0,30,0.5,0.2
42.62444,-112.02999,1518.1,14,0,30,0.5,0.2
42.62432,-112.03108,1518.1,14,0,30,0.5,0.2
42.62414,-112.03226,1518.2,14,0,30,0.5,0.2
42.62385,-112.03372,1518.1,14,0,30,0.5,0.2
42.62336,-112.03552,1521,14,0,30,0.5,0.2
42.62293,-112.03687,1525.9,14,0,30,0.5,0.2
42.62237,-112.03849,1527.2,14,0,30,0.5,0.2
42.6216,-112.0406,1531,14,0,30,0.5,0.2
42.62088,-112.04255,1533.8,14,0,30,0.5,0.2
42.62008,-112.04491,1519.1,14,0,30,0.5,0.2
42.61947,-112.04669,1513.4,14,0,30,0.5,0.2
42.61896,-112.04823,1521.6,14,0,30,0.5,0.2
42.61852,-112.04952,1524.4,14,0,30,0.5,0.2
42.61786,-112.0514,1518.8,14,0,30,0.5,0.2
42.61786,-112.05151,1518.1,14,0,30,0.5,0.2
42.61717,-112.05353,1515.5,14,0,30,0.5,0.2
42.6166,-112.0552,1516.1,14,0,30,0.5,0.2
42.61634,-112.0562,1516.3,14,0,30,0.5,0.2
42.61621,-112.05694,1516,14,0,30,0.5,0.2
42.61609,-112.05796,1515.4,14,0,30,0.5,0.2
42.61604,-112.05888,1514.8,14,0,30,0.5,0.2
42.61606,-112.06019,1514.9,14,0,30,0.5,0.2
42.61666,-112.07259,1525.1,14,0,30,0.5,0.2
42.61679,-112.07516,1521.4,14,0,30,0.5,0.2
42.617,-112.07945,1509.9,14,0,30,0.5,0.2
42.6171,-112.08073,1509.4,14,0,30,0.5,0.2
42.61717,-112.08133,1509.8,14,0,30,0.5,0.2
42.61742,-112.08315,1510.3,14,0,30,0.5,0.2
42.6179,-112.08638,1512.9,14,0,30,0.5,0.2
42.61789,-112.08658,1512.9,14,0,30,0.5,0.2
42.61824,-112.08908,1518.5,14,0,30,0.5,0.2
42.61909,-112.0949,1523,14,0,30,0.5,0.2
42.62013,-112.10215,1512.9,14,0,30,0.5,0.2
42.62021,-112.10271,1512.9,14,0,30,0.5,0.2
42.62027,-112.10286,1512.8,14,0,30,0.5,0.2
42.62031,-112.10302,1512.4,14,0,30,0.5,0.2
42.62042,-112.10367,1508.9,14,0,30,0.5,0.2
42.62067,-112.10553,1500.9,14,0,30,0.5,0.2
42.62065,-112.10566,1500.7,14,0,30,0.5,0.2
42.62085,-112.10701,1501.8,14,0,30,0.5,0.2
42.62089,-112.10729,1503.5,14,0,30,0.5,0.2
42.62117,-112.10727,1503,14,0,30,0.5,0.2
42.62089,-112.10729,1503.5,17.33333333,0,30,0.5,0.2
42.62109,-112.1087,1508.8,17.33333333,0,30,0.5,0.2
42.6213,-112.11023,1510.1,17.33333333,0,30,0.5,0.2
42.62151,-112.11159,1510.9,17.33333333,0,30,0.5,0.2
42.62172,-112.11265,1511.7,17.33333333,0,30,0.5,0.2
42.62204,-112.11391,1510.1,17.33333333,0,30,0.5,0.2
42.62292,-112.11684,1503.9,17.33333333,0,30,0.5,0.2
42.62406,-112.12069,1503.1,17.33333333,0,30,0.5,0.2
42.6249,-112.12347,1511.3,17.33333333,0,30,0.5,0.2
42.6251,-112.12414,1511.4,17.33333333,0,30,0.5,0.2
42.62535,-112.12481,1511.7,17.33333333,0,30,0.5,0.2
42.62576,-112.1257,1511.9,17.33333333,0,30,0.5,0.2
42.626,-112.12616,1511.7,17.33333333,0,30,0.5,0.2
42.6269,-112.12758,1500.1,17.33333333,0,30,0.5,0.2
42.628,-112.12927,1488.6,17.33333333,0,30,0.5,0.2
42.62905,-112.13094,1488.6,17.33333333,0,30,0.5,0.2
42.62932,-112.13139,1488.7,17.33333333,0,30,0.5,0.2
42.6296,-112.13193,1488.7,17.33333333,0,30,0.5,0.2
42.62994,-112.13273,1488.6,17.33333333,0,30,0.5,0.2
42.63028,-112.13369,1488.3,17.33333333,0,30,0.5,0.2
42.63041,-112.1342,1487.9,17.33333333,0,30,0.5,0.2
42.63055,-112.13495,1481.6,17.33333333,0,30,0.5,0.2
42.63066,-112.13562,1481.7,17.33333333,0,30,0.5,0.2
42.63076,-112.13679,1483.6,17.33333333,0,30,0.5,0.2
42.63077,-112.13734,1484.3,17.33333333,0,30,0.5,0.2
42.63076,-112.13804,1486.2,17.33333333,0,30,0.5,0.2
42.63071,-112.13872,1486.6,17.33333333,0,30,0.5,0.2
42.6306,-112.13952,1488.7,17.33333333,0,30,0.5,0.2
42.63047,-112.14018,1487.3,17.33333333,0,30,0.5,0.2
42.62948,-112.14402,1478.2,17.33333333,0,30,0.5,0.2
42.62877,-112.14671,1472.6,17.33333333,0,30,0.5,0.2
42.6279,-112.1501,1479.5,17.33333333,0,30,0.5,0.2
42.62774,-112.15087,1479.8,17.33333333,0,30,0.5,0.2
42.62766,-112.15144,1480.3,17.33333333,0,30,0.5,0.2
42.62751,-112.15315,1479.1,17.33333333,0,30,0.5,0.2
42.6274,-112.15522,1476.2,17.33333333,0,30,0.5,0.2
42.62716,-112.15975,1470.6,17.33333333,0,30,0.5,0.2
42.627,-112.16255,1470.2,17.33333333,0,30,0.5,0.2
42.62703,-112.16275,1470.2,17.33333333,0,30,0.5,0.2
42.62701,-112.16351,1470.2,17.33333333,0,30,0.5,0.2
42.62693,-112.16498,1470.2,17.33333333,0,30,0.5,0.2
42.62688,-112.16512,1470.2,17.33333333,0,30,0.5,0.2
42.62684,-112.16598,1468.6,17.33333333,0,30,0.5,0.2
42.62687,-112.16684,1467.1,17.33333333,0,30,0.5,0.2
42.62697,-112.16767,1468.3,17.33333333,0,30,0.5,0.2
42.62718,-112.16857,1474.3,17.33333333,0,30,0.5,0.2
42.6273,-112.16893,1483.3,17.33333333,0,30,0.5,0.2
42.62752,-112.16945,1492,17.33333333,0,30,0.5,0.2
42.62781,-112.17006,1491.7,17.33333333,0,30,0.5,0.2
42.62809,-112.17056,1486.3,17.33333333,0,30,0.5,0.2
42.6285,-112.17115,1476.4,17.33333333,0,30,0.5,0.2
42.62872,-112.17144,1471.8,17.33333333,0,30,0.5,0.2
42.62892,-112.17165,1470.6,17.33333333,0,30,0.5,0.2
42.62929,-112.17198,1469.3,17.33333333,0,30,0.5,0.2
42.62958,-112.1722,1468.7,17.33333333,0,30,0.5,0.2
42.62986,-112.17238,1468,17.33333333,0,30,0.5,0.2
42.63021,-112.17257,1467.7,17.33333333,0,30,0.5,0.2
42.63074,-112.17278,1468.2,17.33333333,0,30,0.5,0.2
42.6311,-112.17286,1469.1,17.33333333,0,30,0.5,0.2
42.63146,-112.17291,1471.7,17.33333333,0,30,0.5,0.2
42.63247,-112.17295,1491.2,17.33333333,0,30,0.5,0.2
42.63349,-112.17304,1499.2,17.33333333,0,30,0.5,0.2
42.63392,-112.17312,1494.9,17.33333333,0,30,0.5,0.2
42.6344,-112.17323,1484.3,17.33333333,0,30,0.5,0.2
42.6356,-112.17343,1474.7,17.33333333,0,30,0.5,0.2
42.63697,-112.17354,1486.1,17.33333333,0,30,0.5,0.2
42.63773,-112.17366,1480.5,17.33333333,0,30,0.5,0.2
42.63805,-112.17371,1478.3,17.33333333,0,30,0.5,0.2
42.63857,-112.17388,1470.3,17.33333333,0,30,0.5,0.2
42.63917,-112.17411,1468.1,17.33333333,0,30,0.5,0.2
42.63936,-112.1742,1468.5,17.33333333,0,30,0.5,0.2
42.6398,-112.17446,1466,17.33333333,0,30,0.5,0.2
42.64021,-112.17478,1463.3,17.33333333,0,30,0.5,0.2
42.64107,-112.17557,1462.1,17.33333333,0,30,0.5,0.2
42.64428,-112.17854,1459.7,17.33333333,0,30,0.5,0.2
42.6453,-112.17947,1457.8,17.33333333,0,30,0.5,0.2
42.64588,-112.17991,1457.8,17.33333333,0,30,0.5,0.2
42.64656,-112.1804,1457.6,17.33333333,0,30,0.5,0.2
42.64721,-112.18081,1457.3,17.33333333,0,30,0.5,0.2
42.64794,-112.18125,1456.7,17.33333333,0,30,0.5,0.2
42.64855,-112.18164,1456.5,17.33333333,0,30,0.5,0.2
42.64913,-112.18204,1456.3,17.33333333,0,30,0.5,0.2
42.65041,-112.18307,1456.9,17.33333333,0,30,0.5,0.2
42.65266,-112.18493,1456.2,17.33333333,0,30,0.5,0.2
42.65471,-112.18659,1460.5,17.33333333,0,30,0.5,0.2
42.65812,-112.18925,1459.4,17.33333333,0,30,0.5,0.2
42.65856,-112.18965,1457.6,17.33333333,0,30,0.5,0.2
42.65877,-112.18987,1458.5,17.33333333,0,30,0.5,0.2
42.65937,-112.19069,1463.6,17.33333333,0,30,0.5,0.2
42.65966,-112.19116,1462,17.33333333,0,30,0.5,0.2
42.65985,-112.19154,1460,17.33333333,0,30,0.5,0.2
42.6601,-112.19212,1456.7,17.33333333,0,30,0.5,0.2
42.6602,-112.19227,1456.6,17.33333333,0,30,0.5,0.2
42.66026,-112.19246,1456,17.33333333,0,30,0.5,0.2
42.66049,-112.19332,1454.8,17.33333333,0,30,0.5,0.2
42.66056,-112.19366,1454.5,17.33333333,0,30,0.5,0.2
42.6606,-112.19396,1454.6,17.33333333,0,30,0.5,0.2
42.66099,-112.19384,1455.4,17.33333333,0,30,0.5,0.2
42.66131,-112.19372,1456.5,17.33333333,0,30,0.5,0.2
42.66171,-112.19368,1457.4,17.33333333,0,30,0.5,0.2
42.66202,-112.19366,1458,17.33333333,0,30,0.5,0.2
42.6623,-112.19371,1458.9,17.33333333,0,30,0.5,0.2
42.66269,-112.19384,1462,17.33333333,0,30,0.5,0.2
42.66333,-112.19431,1463.3,17.33333333,0,30,0.5,0.2
42.66386,-112.19481,1461.5,17.33333333,0,30,0.5,0.2
42.66413,-112.19505,1460.6,17.33333333,0,30,0.5,0.2
42.66463,-112.19534,1461.7,17.33333333,0,30,0.5,0.2
42.6648,-112.1954,1462.3,17.33333333,0,30,0.5,0.2
42.66504,-112.19546,1462.6,17.33333333,0,30,0.5,0.2
42.66534,-112.1955,1462.4,17.33333333,0,30,0.5,0.2
42.6658,-112.19546,1461.5,11.33333333,0,30,0.5,0.2
42.66638,-112.19524,1458.6,11.33333333,0,30,0.5,0.2
42.66703,-112.19492,1455.7,11.33333333,0,30,0.5,0.2
42.66725,-112.19483,1455.5,11.33333333,0,30,0.5,0.2
42.66797,-112.19448,1454,11.33333333,0,30,0.5,0.2
42.66823,-112.19438,1453.8,11.33333333,0,30,0.5,0.2
42.66869,-112.1942,1454.1,11.33333333,0,30,0.5,0.2
42.66961,-112.1941,1454.3,11.33333333,0,30,0.5,0.2
42.67022,-112.19414,1455.3,11.33333333,0,30,0.5,0.2
42.6706,-112.19418,1455.6,11.33333333,0,30,0.5,0.2
42.67093,-112.19428,1454.5,11.33333333,0,30,0.5,0.2
42.67146,-112.19451,1455.1,11.33333333,0,30,0.5,0.2
42.67179,-112.19467,1456.1,11.33333333,0,30,0.5,0.2
42.67218,-112.19493,1455.9,11.33333333,0,30,0.5,0.2
42.67257,-112.19524,1456,11.33333333,0,30,0.5,0.2
42.67306,-112.19573,1454.8,11.33333333,0,30,0.5,0.2
42.67565,-112.19818,1450.7,11.33333333,0,30,0.5,0.2
42.67604,-112.19851,1449.3,11.33333333,0,30,0.5,0.2
42.67672,-112.19896,1449.8,11.33333333,0,30,0.5,0.2
42.67757,-112.1994,1451.2,11.33333333,0,30,0.5,0.2
42.67832,-112.19966,1451.2,11.33333333,0,30,0.5,0.2
42.67893,-112.19982,1450.9,11.33333333,0,30,0.5,0.2
42.68079,-112.20029,1453.2,11.33333333,0,30,0.5,0.2
42.68176,-112.20055,1454.5,11.33333333,0,30,0.5,0.2
42.68411,-112.20115,1448.7,11.33333333,0,30,0.5,0.2
42.6877,-112.20208,1448.9,11.33333333,0,30,0.5,0.2
42.68888,-112.20232,1448.7,11.33333333,0,30,0.5,0.2
42.69037,-112.20257,1448.6,11.33333333,0,30,0.5,0.2
42.69291,-112.20309,1443,11.33333333,0,30,0.5,0.2
42.69377,-112.20328,1441.7,11.33333333,0,30,0.5,0.2
42.69571,-112.20361,1441.9,11.33333333,0,30,0.5,0.2
42.69644,-112.20376,1442.7,11.33333333,0,30,0.5,0.2
42.69798,-112.20407,1449.6,11.33333333,0,30,0.5,0.2
42.70011,-112.20446,1454.9,11.33333333,0,30,0.5,0.2
42.7023,-112.20491,1462,11.33333333,0,30,0.5,0.2
42.70552,-112.2055,1447.7,11.33333333,0,30,0.5,0.2
42.70595,-112.20566,1451.2,11.33333333,0,30,0.5,0.2
42.70662,-112.20599,1446.8,11.33333333,0,30,0.5,0.2
42.70716,-112.20631,1440.7,11.33333333,0,30,0.5,0.2
42.70743,-112.20645,1441,11.33333333,0,30,0.5,0.2
42.70781,-112.20672,1441.6,11.33333333,0,30,0.5,0.2
42.70858,-112.20719,1443.4,11.33333333,0,30,0.5,0.2
42.7091,-112.20741,1442.2,11.33333333,0,30,0.5,0.2
42.7095,-112.20755,1439.9,11.33333333,0,30,0.5,0.2
42.70979,-112.20764,1439.8,11.33333333,0,30,0.5,0.2
42.71001,-112.20767,1439.6,11.33333333,0,30,0.5,0.2
42.71073,-112.20771,1436.9,11.33333333,0,30,0.5,0.2
42.71385,-112.20758,1421.7,11.33333333,0,30,0.5,0.2
42.71841,-112.20741,1423.9,11.33333333,0,30,0.5,0.2
42.72225,-112.20725,1422.1,11.33333333,0,30,0.5,0.2
42.72304,-112.20725,1421.2,11.33333333,0,30,0.5,0.2
42.72359,-112.2073,1416.2,11.33333333,0,30,0.5,0.2
42.7242,-112.20749,1413.9,11.33333333,0,30,0.5,0.2
42.72567,-112.20806,1410.8,14.33333333,0,30,0.5,0.2
42.72698,-112.20858,1415.2,14.33333333,0,30,0.5,0.2
42.72761,-112.20876,1417,14.33333333,0,30,0.5,0.2
42.72808,-112.20887,1417.2,14.33333333,0,30,0.5,0.2
42.72968,-112.20921,1416.5,14.33333333,0,30,0.5,0.2
42.73237,-112.2098,1414.4,14.33333333,0,30,0.5,0.2
42.7328,-112.21002,1414.3,14.33333333,0,30,0.5,0.2
42.73301,-112.21016,1414.3,14.33333333,0,30,0.5,0.2
42.7333,-112.21041,1414.2,14.33333333,0,30,0.5,0.2
42.73368,-112.21083,1413.8,14.33333333,0,30,0.5,0.2
42.73424,-112.2114,1414.2,14.33333333,0,30,0.5,0.2
42.73453,-112.21164,1414.4,14.33333333,0,30,0.5,0.2
42.73504,-112.212,1413.6,14.33333333,0,30,0.5,0.2
42.73547,-112.21223,1413.4,14.33333333,0,30,0.5,0.2
42.73665,-112.21274,1412.5,14.33333333,0,30,0.5,0.2
42.73799,-112.21334,1412.3,14.33333333,0,30,0.5,0.2
42.73942,-112.21396,1411.4,14.33333333,0,30,0.5,0.2
42.74011,-112.21427,1412.2,14.33333333,0,30,0.5,0.2
42.74098,-112.21466,1413,14.33333333,0,30,0.5,0.2
42.7412,-112.21473,1413.1,14.33333333,0,30,0.5,0.2
42.74177,-112.2149,1412.6,14.33333333,0,30,0.5,0.2
42.74214,-112.21498,1412.5,14.33333333,0,30,0.5,0.2
42.74253,-112.21503,1412.7,14.33333333,0,30,0.5,0.2
42.74499,-112.21529,1409,14.33333333,0,30,0.5,0.2
42.74711,-112.21552,1409,14.33333333,0,30,0.5,0.2
42.74937,-112.21575,1407.8,14.33333333,0,30,0.5,0.2
42.74985,-112.21579,1407,14.33333333,0,30,0.5,0.2
42.75046,-112.21578,1401.8,14.33333333,0,30,0.5,0.2
42.75095,-112.21571,1401,14.33333333,0,30,0.5,0.2
42.75199,-112.21549,1398.8,14.33333333,0,30,0.5,0.2
42.75329,-112.21519,1396.8,14.33333333,0,30,0.5,0.2
42.75407,-112.21515,1395.5,14.33333333,0,30,0.5,0.2
42.75522,-112.21524,1395.2,14.33333333,0,30,0.5,0.2
42.75557,-112.21522,1395.4,14.33333333,0,30,0.5,0.2
42.75695,-112.21533,1394.9,14.33333333,0,30,0.5,0.2
42.7584,-112.21543,1393.2,14.33333333,0,30,0.5,0.2
42.75939,-112.21552,1392.8,14.33333333,0,30,0.5,0.2
42.7598,-112.2156,1392.5,14.33333333,0,30,0.5,0.2
42.76024,-112.21574,1392.5,14.33333333,0,30,0.5,0.2
42.7604,-112.21584,1392.5,14.33333333,0,30,0.5,0.2
42.76067,-112.216,1392.5,14.33333333,0,30,0.5,0.2
42.7611,-112.21631,1392.5,14.33333333,0,30,0.5,0.2
42.76179,-112.21695,1392.5,14.33333333,0,30,0.5,0.2
42.7636,-112.21854,1390.8,14.33333333,0,30,0.5,0.2
42.76409,-112.21893,1390.9,14.33333333,0,30,0.5,0.2
42.7645,-112.21918,1389.7,14.33333333,0,30,0.5,0.2
42.76487,-112.21933,1389,14.33333333,0,30,0.5,0.2
42.76573,-112.21955,1386.9,14.33333333,0,30,0.5,0.2
42.76605,-112.21962,1386.7,14.33333333,0,30,0.5,0.2
42.76726,-112.22012,1384.2,14.33333333,0,30,0.5,0.2
42.77052,-112.22174,1382.9,14.33333333,0,30,0.5,0.2
42.77194,-112.22245,1383,14.33333333,0,30,0.5,0.2
42.77324,-112.22314,1382.8,14.33333333,0,30,0.5,0.2
42.77354,-112.22326,1382.9,14.33333333,0,30,0.5,0.2
42.7743,-112.22342,1381.3,14.33333333,0,30,0.5,0.2
42.77598,-112.22349,1382.2,14.33333333,0,30,0.5,0.2
42.7772,-112.22351,1380.5,14.33333333,0,30,0.5,0.2
42.77847,-112.22357,1380.3,14.33333333,0,30,0.5,0.2
42.77944,-112.22358,1380.3,14.33333333,0,30,0.5,0.2
42.78022,-112.22361,1380.3,14.33333333,0,30,0.5,0.2
42.7814,-112.22362,1378.5,14.33333333,0,30,0.5,0.2
42.78182,-112.22366,1378.3,14.33333333,0,30,0.5,0.2
42.78229,-112.22378,1378.4,14.33333333,0,30,0.5,0.2
42.78294,-112.22403,1379.5,14.33333333,0,30,0.5,0.2
42.78351,-112.22439,1382.5,14.33333333,0,30,0.5,0.2
42.78374,-112.22454,1383.8,14.33333333,0,30,0.5,0.2
42.78388,-112.22468,1384.5,14.33333333,0,30,0.5,0.2
42.7844,-112.22526,1387.5,14.33333333,0,30,0.5,0.2
42.78484,-112.22588,1389.8,14.33333333,0,30,0.5,0.2
42.785,-112.2261,1390.1,14.33333333,0,30,0.5,0.2
42.78522,-112.22652,1390.2,14.33333333,0,30,0.5,0.2
42.78548,-112.22705,1390,14.33333333,0,30,0.5,0.2
42.78568,-112.22766,1389.9,14.33333333,0,30,0.5,0.2
42.78591,-112.22865,1389.7,14.33333333,0,30,0.5,0.2
42.78648,-112.23244,1387.4,14.33333333,0,30,0.5,0.2
42.78654,-112.23281,1387.3,14.33333333,0,30,0.5,0.2
42.78668,-112.23332,1387.9,14.33333333,0,30,0.5,0.2
42.78681,-112.23373,1389.9,14.33333333,0,30,0.5,0.2
42.78693,-112.23409,1391.2,14.33333333,0,30,0.5,0.2
42.78712,-112.23465,1390.8,14.33333333,0,30,0.5,0.2
42.78747,-112.23552,1387.9,14.33333333,0,30,0.5,0.2
42.78817,-112.23754,1378.8,14.33333333,0,30,0.5,0.2
42.79037,-112.24373,1377.8,14.33333333,0,30,0.5,0.2
42.79092,-112.24544,1377.3,15,0,30,0.5,0.2
42.79092,-112.24544,1377.3,15,0,30,0.5,0.2
42.79161,-112.24776,1377.6,15,0,30,0.5,0.2
42.79181,-112.24837,1377.3,15,0,30,0.5,0.2
42.79197,-112.24872,1377.2,15,0,30,0.5,0.2
42.79221,-112.24965,1377.1,15,0,30,0.5,0.2
42.79244,-112.2503,1377.1,15,0,30,0.5,0.2
42.79284,-112.25148,1377.9,15,0,30,0.5,0.2
42.79337,-112.25256,1378.5,15,0,30,0.5,0.2
42.79378,-112.25341,1378.1,15,0,30,0.5,0.2
42.794,-112.25378,1378.3,15,0,30,0.5,0.2
42.79431,-112.25435,1378.8,15,0,30,0.5,0.2
42.79466,-112.25495,1379.4,15,0,30,0.5,0.2
42.79574,-112.25694,1379.9,15,0,30,0.5,0.2
42.79663,-112.25858,1381.1,15,0,30,0.5,0.2
42.79754,-112.26034,1388.6,15,0,30,0.5,0.2
42.79782,-112.26094,1390.7,15,0,30,0.5,0.2
42.79794,-112.26133,1391.5,15,0,30,0.5,0.2
42.79797,-112.26137,1391.4,15,0,30,0.5,0.2
42.79795,-112.26144,1391.1,15,0,30,0.5,0.2
42.79796,-112.26174,1390.4,15,0,30,0.5,0.2
42.79808,-112.26249,1388.2,15,0,30,0.5,0.2
42.79823,-112.263,1388.1,15,0,30,0.5,0.2
42.79838,-112.26364,1388.5,15,0,30,0.5,0.2
42.79873,-112.26645,1389.3,15,0,30,0.5,0.2
42.79921,-112.27047,1389.5,15,0,30,0.5,0.2
42.79951,-112.27303,1395.4,15,0,30,0.5,0.2
42.79961,-112.27414,1398,15,0,30,0.5,0.2
42.79968,-112.27552,1401.5,15,0,30,0.5,0.2
42.79969,-112.27643,1401.8,15,0,30,0.5,0.2
42.79964,-112.27782,1404,15,0,30,0.5,0.2
42.79923,-112.28357,1409.8,15,0,30,0.5,0.2
42.79874,-112.29027,1409.2,15,0,30,0.5,0.2
42.79802,-112.30019,1411.3,15,0,30,0.5,0.2
42.79789,-112.30152,1411.7,15,0,30,0.5,0.2
42.79779,-112.30229,1412.1,15,0,30,0.5,0.2
42.79749,-112.30417,1409.4,15,0,30,0.5,0.2
42.79613,-112.31268,1378.3,15,0,30,0.5,0.2
42.79584,-112.31454,1373.6,15,0,30,0.5,0.2
42.79573,-112.31531,1372.8,15,0,30,0.5,0.2
42.79568,-112.3159,1372.7,15,0,30,0.5,0.2
42.79566,-112.31644,1372.9,15,0,30,0.5,0.2
42.79566,-112.31706,1373.2,15,0,30,0.5,0.2
42.79568,-112.31772,1372.6,15,0,30,0.5,0.2
42.79575,-112.31849,1372.3,15,0,30,0.5,0.2
42.79619,-112.32181,1373.7,15,0,30,0.5,0.2
42.79644,-112.32375,1372.2,15,0,30,0.5,0.2
42.79651,-112.32462,1371.6,15,0,30,0.5,0.2
42.79656,-112.32553,1371.2,15,0,30,0.5,0.2
42.79658,-112.32664,1371.9,15,0,30,0.5,0.2
42.79657,-112.32743,1373,15,0,30,0.5,0.2
42.79647,-112.32955,1373.3,15,0,30,0.5,0.2
42.79612,-112.33622,1370.5,15,0,30,0.5,0.2
42.79587,-112.341,1370.8,15,0,30,0.5,0.2
42.79575,-112.34352,1375.6,15,0,30,0.5,0.2
42.79567,-112.34506,1375.1,15,0,30,0.5,0.2
42.79561,-112.34642,1374,15,0,30,0.5,0.2
42.79548,-112.34995,1371.8,9.833333333,0,30,0.5,0.2
42.79538,-112.35221,1369.8,9.833333333,0,30,0.5,0.2
42.79537,-112.35314,1369.7,9.833333333,0,30,0.5,0.2
42.79541,-112.35412,1369.6,9.833333333,0,30,0.5,0.2
42.79547,-112.35499,1369.4,9.833333333,0,30,0.5,0.2
42.79562,-112.35616,1369.3,9.833333333,0,30,0.5,0.2
42.79585,-112.3575,1369.8,9.833333333,0,30,0.5,0.2
42.79653,-112.36035,1370.4,9.833333333,0,30,0.5,0.2
42.79685,-112.36165,1370.3,9.833333333,0,30,0.5,0.2
42.79699,-112.36212,1369.9,9.833333333,0,30,0.5,0.2
42.79709,-112.36235,1369.8,9.833333333,0,30,0.5,0.2
42.79721,-112.36257,1370.1,9.833333333,0,30,0.5,0.2
42.79748,-112.3629,1371.1,9.833333333,0,30,0.5,0.2
42.7978,-112.36313,1373.1,9.833333333,0,30,0.5,0.2
42.79796,-112.3632,1374.1,9.833333333,0,30,0.5,0.2
42.79827,-112.36329,1375.7,9.833333333,0,30,0.5,0.2
42.80064,-112.36376,1389.4,9.833333333,0,30,0.5,0.2
42.80145,-112.36395,1392.7,9.833333333,0,30,0.5,0.2
42.80173,-112.36405,1395,9.833333333,0,30,0.5,0.2
42.80198,-112.36417,1396.7,9.833333333,0,30,0.5,0.2
42.80233,-112.3644,1398.3,9.833333333,0,30,0.5,0.2
42.80259,-112.36462,1398.9,9.833333333,0,30,0.5,0.2
42.80287,-112.36489,1399.2,9.833333333,0,30,0.5,0.2
42.80569,-112.368,1398.5,9.833333333,0,30,0.5,0.2
42.80816,-112.37069,1400.9,9.833333333,0,30,0.5,0.2
42.80977,-112.37249,1400.7,9.833333333,0,30,0.5,0.2
42.81338,-112.3764,1401.1,9.833333333,0,30,0.5,0.2
42.81605,-112.37931,1400.9,9.833333333,0,30,0.5,0.2
42.81652,-112.37988,1400.5,9.833333333,0,30,0.5,0.2
42.81698,-112.38051,1399.9,9.833333333,0,30,0.5,0.2
42.81928,-112.38366,1396.3,9.833333333,0,30,0.5,0.2
42.82085,-112.38579,1394.4,9.833333333,0,30,0.5,0.2
42.82156,-112.38678,1392.3,9.833333333,0,30,0.5,0.2
42.82235,-112.38795,1390.2,9.833333333,0,30,0.5,0.2
42.8243,-112.39086,1388.3,9.833333333,0,30,0.5,0.2
42.8265,-112.39412,1389.3,9.833333333,0,30,0.5,0.2
42.82704,-112.39486,1389.3,9.833333333,0,30,0.5,0.2
42.82815,-112.39626,1389.6,9.833333333,0,30,0.5,0.2
42.82917,-112.39754,1389.6,12,0,30,0.5,0.2
42.83317,-112.40241,1378.7,12,0,30,0.5,0.2
42.83869,-112.40912,1377.5,12,0,30,0.5,0.2
42.83888,-112.40936,1378,12,0,30,0.5,0.2
42.83897,-112.40939,1378,12,0,30,0.5,0.2
42.83898,-112.4094,1378,12,0,30,0.5,0.2
42.83942,-112.41,1378.4,12,0,30,0.5,0.2
42.84116,-112.41248,1375.5,12,0,30,0.5,0.2
42.84149,-112.41303,1373.4,12,0,30,0.5,0.2
42.84304,-112.41549,1371.9,12,0,30,0.5,0.2
42.84311,-112.4157,1372,12,0,30,0.5,0.2
42.84377,-112.41674,1371.9,12,0,30,0.5,0.2
42.84426,-112.41751,1371.9,12,0,30,0.5,0.2
42.84457,-112.418,1371.9,12,0,30,0.5,0.2
42.84529,-112.41914,1371.9,12,0,30,0.5,0.2
42.84545,-112.41922,1371.9,12,0,30,0.5,0.2
42.84554,-112.41934,1371.9,12,0,30,0.5,0.2
42.8462,-112.42012,1372.2,12,0,30,0.5,0.2
42.84685,-112.42086,1372.4,12,0,30,0.5,0.2
42.84721,-112.42122,1372.5,12,0,30,0.5,0.2
42.848,-112.42212,1372.5,12,0,30,0.5,0.2
42.85074,-112.42524,1369.1,12,0,30,0.5,0.2
42.85451,-112.42959,1362.2,12,0,30,0.5,0.2
42.85601,-112.43129,1362.1,12,0,30,0.5,0.2
42.85751,-112.43305,1363.3,12,0,30,0.5,0.2
42.85859,-112.4343,1364.5,12,0,30,0.5,0.2
42.86307,-112.43949,1364.8,12,0,30,0.5,0.2
42.86632,-112.44325,1361.9,12,0,30,0.5,0.2
42.86847,-112.44574,1360.5,12,0,30,0.5,0.2
42.87106,-112.44874,1360.5,12,0,30,0.5,0.2
42.87182,-112.44963,1360.5,12,0,30,0.5,0.2
42.87208,-112.44988,1360.5,12,0,30,0.5,0.2
42.87229,-112.45002,1360.5,12,0,30,0.5,0.2
42.87246,-112.45011,1360.5,12,0,30,0.5,0.2
42.87282,-112.45021,1360.5,12,0,30,0.5,0.2
42.87377,-112.45038,1360.3,12,0,30,0.5,0.2
42.87418,-112.45045,1360.2,12,0,30,0.5,0.2
42.87457,-112.45048,1360.1,12,0,30,0.5,0.2
42.87588,-112.4504,1359.8,12,0,30,0.5,0.2
42.87615,-112.45039,1359.8,12,0,30,0.5,0.2
42.8768,-112.45046,1360.3,12,0,30,0.5,0.2
42.87723,-112.45056,1360.9,12,0,30,0.5,0.2
42.87753,-112.45067,1361.1,12,0,30,0.5,0.2
42.87781,-112.45084,1361.4,12,0,30,0.5,0.2
42.87834,-112.45121,1362.1,12,0,30,0.5,0.2
42.87861,-112.45136,1362.3,12,0,30,0.5,0.2
42.87866,-112.45145,1362.4,12,0,30,0.5,0.2
42.87882,-112.45148,1362.6,12,0,30,0.5,0.2
42.88012,-112.45147,1363.8,12,0,30,0.5,0.2
42.88099,-112.45146,1364.2,7.75,0,30,0.5,0.2
42.88478,-112.45143,1366.9,7.75,0,30,0.5,0.2
42.88764,-112.45143,1368.9,7.75,0,30,0.5,0.2
42.88873,-112.45139,1369,7.75,0,30,0.5,0.2
42.89028,-112.45138,1369.1,7.75,0,30,0.5,0.2
42.89301,-112.45137,1368.8,7.75,0,30,0.5,0.2
42.895,-112.45137,1367.9,7.75,0,30,0.5,0.2
42.89678,-112.45136,1366.9,7.75,0,30,0.5,0.2
42.89943,-112.45136,1366,7.75,0,30,0.5,0.2
42.90056,-112.45134,1365.5,7.75,0,30,0.5,0.2
42.9046,-112.45133,1363.6,7.75,0,30,0.5,0.2
42.90482,-112.45135,1363.6,7.75,0,30,0.5,0.2
42.90493,-112.45139,1363.5,7.75,0,30,0.5,0.2
42.9051,-112.45147,1363.4,7.75,0,30,0.5,0.2
42.90526,-112.45157,1363.4,7.75,0,30,0.5,0.2
42.90547,-112.45177,1363.4,7.75,0,30,0.5,0.2
42.90566,-112.45208,1363.4,7.75,0,30,0.5,0.2
42.90578,-112.45242,1363.6,7.75,0,30,0.5,0.2
42.90584,-112.4528,1363.6,7.75,0,30,0.5,0.2
42.90586,-112.4531,1363.4,7.75,0,30,0.5,0.2
42.90586,-112.45744,1363.4,7.75,0,30,0.5,0.2
42.90587,-112.45966,1363.4,7.75,0,30,0.5,0.2
42.90587,-112.46293,1366.9,7.75,0,30,0.5,0.2
42.90589,-112.46348,1367.2,7.75,0,30,0.5,0.2
42.90595,-112.46394,1367.4,7.75,0,30,0.5,0.2
42.9061,-112.46448,1367.8,7.75,0,30,0.5,0.2
42.90628,-112.46494,1368.1,7.75,0,30,0.5,0.2
42.90655,-112.4654,1369,7.75,0,30,0.5,0.2
42.90674,-112.46561,1369.4,7.75,0,30,0.5,0.2
42.90684,-112.46571,1369.6,7.75,0,30,0.5,0.2
42.90689,-112.46572,1369.6,7.75,0,30,0.5,0.2
42.90712,-112.46587,1369.6,7.75,0,30,0.5,0.2
42.90734,-112.46602,1369.6,7.75,0,30,0.5,0.2
42.90754,-112.46611,1369.6,7.75,0,30,0.5,0.2
42.90771,-112.46617,1369.5,7.75,0,30,0.5,0.2
42.90788,-112.4662,1369.4,7.75,0,30,0.5,0.2
42.90818,-112.46621,1369.4,7.75,0,30,0.5,0.2
42.90864,-112.4662,1368.6,7.75,0,30,0.5,0.2
42.90954,-112.4662,1367.3,7.75,0,30,0.5,0.2
42.91043,-112.46623,1366.6,7.75,0,30,0.5,0.2
42.9107,-112.46631,1366.6,7.75,0,30,0.5,0.2
42.91087,-112.46631,1366.6,7.75,0,30,0.5,0.2
42.91123,-112.46632,1366.6,7.75,0,30,0.5,0.2
42.9115,-112.46633,1366.6,7.75,0,30,0.5,0.2
42.91159,-112.46622,1366.6,7.75,0,30,0.5,0.2
42.91178,-112.46619,1366.6,7.75,0,30,0.5,0.2
42.91183,-112.46621,1366.6,7.75,0,30,0.5,0.2
42.91192,-112.46627,1366.6,7.75,0,30,0.5,0.2
42.91211,-112.46642,1366.6,7.75,0,30,0.5,0.2
42.91226,-112.4665,1366.6,7.75,0,30,0.5,0.2
42.9124,-112.46654,1366.6,7.75,0,30,0.5,0.2
42.91322,-112.46654,1366.6,7.75,0,30,0.5,0.2
42.91343,-112.46649,1366.6,7.75,0,30,0.5,0.2
42.91356,-112.4664,1366.6,7.75,0,30,0.5,0.2
42.9137,-112.46627,1366.7,7.75,0,30,0.5,0.2
42.91381,-112.46621,1366.7,7.75,0,30,0.5,0.2
42.91447,-112.46621,1366.5,7.75,0,30,0.5,0.2
42.91473,-112.46621,1366.3,7.75,0,30,0.5,0.2
42.91485,-112.46631,1366.2,7.75,0,30,0.5,0.2
42.91512,-112.46631,1365.9,7.75,0,30,0.5,0.2
42.91572,-112.46632,1365.5,7.75,0,30,0.5,0.2
42.91643,-112.46632,1365,7.75,0,30,0.5,0.2
42.91935,-112.46632,1363.7,7.75,0,30,0.5,0.2
42.92261,-112.46635,1362.7,7.75,0,30,0.5,0.2
42.9269,-112.46642,1360.8,7.75,0,30,0.5,0.2
42.93465,-112.46651,1360.5,7.75,0,30,0.5,0.2
42.9401,-112.46653,1359.3,7.75,0,30,0.5,0.2
42.949,-112.46652,1358.4,7.75,0,30,0.5,0.2
42.95879,-112.46652,1361.5,17.5,0,30,0.5,0.2
42.96169,-112.46653,1357.1,17.5,0,30,0.5,0.2
42.96231,-112.46651,1357.7,17.5,0,30,0.5,0.2
42.96251,-112.46645,1357.6,17.5,0,30,0.5,0.2
42.9633,-112.46625,1357.6,17.5,0,30,0.5,0.2
42.96354,-112.46616,1357.7,17.5,0,30,0.5,0.2
42.96384,-112.46602,1357.6,17.5,0,30,0.5,0.2
42.96447,-112.46563,1357.3,17.5,0,30,0.5,0.2
42.96539,-112.46506,1356.9,17.5,0,30,0.5,0.2
42.96544,-112.46505,1356.9,17.5,0,30,0.5,0.2
42.96606,-112.46465,1356.9,17.5,0,30,0.5,0.2
42.96687,-112.46413,1357.5,17.5,0,30,0.5,0.2
42.97101,-112.4615,1358.2,17.5,0,30,0.5,0.2
42.97733,-112.45748,1359,17.5,0,30,0.5,0.2
42.98078,-112.45528,1360.1,17.5,0,30,0.5,0.2
42.98431,-112.453,1360.5,17.5,0,30,0.5,0.2
42.9869,-112.4513,1361.2,17.5,0,30,0.5,0.2
42.99285,-112.4474,1363.5,17.5,0,30,0.5,0.2
42.995,-112.44599,1363.4,17.5,0,30,0.5,0.2
42.99558,-112.44562,1363.5,17.5,0,30,0.5,0.2
42.99578,-112.44551,1363.5,17.5,0,30,0.5,0.2
42.99626,-112.44529,1363.5,17.5,0,30,0.5,0.2
42.99666,-112.44515,1363.5,17.5,0,30,0.5,0.2
42.99708,-112.44505,1363.4,17.5,0,30,0.5,0.2
42.99877,-112.44461,1362.1,17.5,0,30,0.5,0.2
42.99983,-112.44434,1361.5,17.5,0,30,0.5,0.2
43.00458,-112.44313,1360.4,17.5,0,30,0.5,0.2
43.01928,-112.43937,1357,17.5,0,30,0.5,0.2
43.02097,-112.43894,1355.7,17.5,0,30,0.5,0.2
43.02272,-112.43851,1355.7,17.5,0,30,0.5,0.2
43.02299,-112.43846,1355.7,17.5,0,30,0.5,0.2
43.02352,-112.43841,1355.5,17.5,0,30,0.5,0.2
43.02449,-112.43836,1355,17.5,0,30,0.5,0.2
43.02492,-112.43831,1354.9,17.5,0,30,0.5,0.2
43.02559,-112.43817,1354.9,17.5,0,30,0.5,0.2
43.03044,-112.43694,1355.8,17.5,0,30,0.5,0.2
43.03358,-112.43613,1355.2,17.5,0,30,0.5,0.2
43.03382,-112.43605,1355.1,17.5,0,30,0.5,0.2
43.03661,-112.43492,1354.9,17.5,0,30,0.5,0.2
43.03723,-112.43474,1354.7,17.5,0,30,0.5,0.2
43.03829,-112.43448,1354.4,17.5,0,30,0.5,0.2
43.04306,-112.43324,1352.8,17.5,0,30,0.5,0.2
43.04649,-112.43235,1351.2,10.5,0,30,0.5,0.2
43.0497,-112.43151,1351.3,10.5,0,30,0.5,0.2
43.05212,-112.43088,1351.3,10.5,0,30,0.5,0.2
43.05212,-112.43089,1351.2,10.5,0,30,0.5,0.2
43.07237,-112.42564,1355.9,10.5,0,30,0.5,0.2
43.08614,-112.42207,1358.3,10.5,0,30,0.5,0.2
43.08952,-112.4212,1358.9,10.5,0,30,0.5,0.2
43.09807,-112.41898,1360.7,12.33333333,0,30,0.5,0.2
43.11049,-112.41577,1361.9,12.33333333,0,30,0.5,0.2
43.12195,-112.4128,1360.5,12.33333333,0,30,0.5,0.2
43.12742,-112.41136,1362.3,12.33333333,0,30,0.5,0.2
43.12787,-112.41123,1363,12.33333333,0,30,0.5,0.2
43.12847,-112.41098,1363.1,12.33333333,0,30,0.5,0.2
43.12882,-112.41078,1363.2,12.33333333,0,30,0.5,0.2
43.12934,-112.41042,1363.4,12.33333333,0,30,0.5,0.2
43.12949,-112.4103,1363.4,12.33333333,0,30,0.5,0.2
43.13,-112.40979,1363.4,12.33333333,0,30,0.5,0.2
43.1329,-112.40659,1363.4,12.33333333,0,30,0.5,0.2
43.14283,-112.39559,1365,12.33333333,0,30,0.5,0.2
43.14621,-112.39183,1364.9,12.33333333,0,30,0.5,0.2
43.14627,-112.39173,1364.9,12.33333333,0,30,0.5,0.2
43.14735,-112.39054,1365,12.33333333,0,30,0.5,0.2
43.14767,-112.39019,1365.1,12.33333333,0,30,0.5,0.2
43.14916,-112.38855,1369.5,12.33333333,0,30,0.5,0.2
43.15129,-112.38619,1366.4,12.33333333,0,30,0.5,0.2
43.15282,-112.38447,1366.5,12.33333333,0,30,0.5,0.2
43.15291,-112.38442,1366.5,12.33333333,0,30,0.5,0.2
43.1548,-112.38231,1366.4,12.33333333,0,30,0.5,0.2
43.15707,-112.37979,1366.5,12.33333333,0,30,0.5,0.2
43.15869,-112.37799,1366.5,17,0,30,0.5,0.2
43.16435,-112.37171,1368,17,0,30,0.5,0.2
43.16659,-112.36922,1368.1,17,0,30,0.5,0.2
43.1688,-112.36677,1368.8,17,0,30,0.5,0.2
43.1726,-112.36256,1369.6,17,0,30,0.5,0.2
43.17403,-112.36104,1369.7,17,0,30,0.5,0.2
43.17466,-112.36034,1369.6,17,0,30,0.5,0.2
43.17496,-112.36006,1369.6,17,0,30,0.5,0.2
43.17539,-112.35969,1369.3,17,0,30,0.5,0.2
43.17584,-112.35942,1368.5,17,0,30,0.5,0.2
43.17785,-112.35837,1369.7,17,0,30,0.5,0.2
43.17812,-112.35821,1369.7,17,0,30,0.5,0.2
43.1784,-112.35802,1369.7,17,0,30,0.5,0.2
43.17883,-112.35767,1369.7,17,0,30,0.5,0.2
43.17924,-112.35726,1369.7,17,0,30,0.5,0.2
43.1823,-112.35385,1370.8,17,0,30,0.5,0.2
43.18475,-112.35116,1371,17,0,30,0.5,0.2
43.18532,-112.3505,1371,17,0,30,0.5,0.2
43.18596,-112.34979,1371,17,0,30,0.5,0.2
43.18657,-112.34903,1371.1,17,0,30,0.5,0.2
43.18707,-112.34849,1371.1,17,0,30,0.5,0.2
43.18748,-112.34802,1371.1,17,0,30,0.5,0.2
43.18763,-112.34769,1371.1,17,0,30,0.5,0.2
43.18766,-112.34758,1371.1,17,0,30,0.5,0.2
43.18768,-112.34728,1371.1,17,0,30,0.5,0.2
43.18766,-112.34684,1371.1,17,0,30,0.5,0.2
43.18766,-112.34648,1371.1,17,0,30,0.5,0.2
43.18771,-112.34627,1371.2,17,0,30,0.5,0.2
43.18783,-112.34604,1371.2,17,0,30,0.5,0.2
43.18791,-112.34592,1371.2,17,0,30,0.5,0.2
43.18837,-112.34539,1371.3,17,0,30,0.5,0.2
43.18872,-112.345,1371.3,17,0,30,0.5,0.2
43.18932,-112.34604,1371.3,17,0,30,0.5,0.2
43.1905,-112.34801,1371,17,0,30,0.5,0.2
43.19223,-112.35092,1371.1,17,0,30,0.5,0.2
43.19265,-112.35164,1371.2,17,0,30,0.5,0.2
43.19286,-112.35206,1371.3,17,0,30,0.5,0.2
43.19294,-112.35256,1371.3,17,0,30,0.5,0.2
43.19299,-112.35362,1371.2,17,0,30,0.5,0.2
43.19302,-112.35546,1371.1,17,0,30,0.5,0.2
43.19305,-112.35635,1370.9,17,0,30,0.5,0.2
43.1931,-112.35662,1370.8,17,0,30,0.5,0.2
43.19319,-112.35688,1370.5,17,0,30,0.5,0.2
43.1933,-112.35709,1370.4,17,0,30,0.5,0.2
43.19342,-112.35724,1370.2,17,0,30,0.5,0.2
43.19358,-112.35738,1370.1,17,0,30,0.5,0.2
43.19491,-112.35848,1368.2,17,0,30,0.5,0.2
43.19527,-112.35877,1367.6,17,0,30,0.5,0.2
43.19602,-112.35939,1366.7,17,0,30,0.5,0.2
43.19662,-112.35988,1366.6,17,0,30,0.5,0.2
43.19682,-112.36008,1366.6,17,0,30,0.5,0.2
43.19707,-112.36038,1366.7,17,0,30,0.5,0.2
43.19728,-112.36066,1366.6,17,0,30,0.5,0.2
43.1975,-112.36105,1366.6,17,0,30,0.5,0.2
43.19769,-112.36139,1366.6,17,0,30,0.5,0.2
43.19806,-112.36218,1366.6,17,0,30,0.5,0.2
43.1987,-112.36355,1367,17,0,30,0.5,0.2
43.1993,-112.36482,1368,17,0,30,0.5,0.2
43.20069,-112.3678,1367.3,17,0,30,0.5,0.2
43.20077,-112.36798,1367.6,17,0,30,0.5,0.2
43.20078,-112.36812,1367.9,17,0,30,0.5,0.2
43.20203,-112.37081,1366.8,17,0,30,0.5,0.2
43.20343,-112.37375,1366.5,17,0,30,0.5,0.2
43.20359,-112.37414,1366.5,17,0,30,0.5,0.2
43.2037,-112.37448,1366.5,17,0,30,0.5,0.2
43.20383,-112.37492,1366.5,17,0,30,0.5,0.2
43.20389,-112.37529,1366.6,17,0,30,0.5,0.2
43.20396,-112.37583,1366.6,17,0,30,0.5,0.2
43.20399,-112.37685,1366.6,17,0,30,0.5,0.2
43.20403,-112.37809,1366.6,17,0,30,0.5,0.2
43.20407,-112.37855,1366.6,17,0,30,0.5,0.2
43.20411,-112.37885,1366.5,17,0,30,0.5,0.2
43.20427,-112.37962,1366.5,17,0,30,0.5,0.2
43.20448,-112.38036,1366.5,17,0,30,0.5,0.2
43.20479,-112.38115,1366.5,17,0,30,0.5,0.2
43.20581,-112.38314,1366.5,17,0,30,0.5,0.2
43.20821,-112.38773,1365.1,17,0,30,0.5,0.2
43.20943,-112.39006,1365,17,0,30,0.5,0.2
43.21237,-112.39567,1365,17,0,30,0.5,0.2
43.21827,-112.40697,1365,16,0,30,0.5,0.2
43.22262,-112.41528,1365,16,0,30,0.5,0.2
43.22496,-112.41976,1365,16,0,30,0.5,0.2
43.22558,-112.42099,1365,16,0,30,0.5,0.2
43.22616,-112.4221,1365,16,0,30,0.5,0.2
43.22706,-112.42378,1365.1,16,0,30,0.5,0.2
43.2286,-112.42673,1363.5,16,0,30,0.5,0.2
43.23144,-112.43217,1362,16,0,30,0.5,0.2
43.23388,-112.43688,1363.1,16,0,30,0.5,0.2
43.23522,-112.43941,1363.4,16,0,30,0.5,0.2
43.23738,-112.44355,1363.5,16,0,30,0.5,0.2
43.2389,-112.44645,1361.9,16,0,30,0.5,0.2
43.23943,-112.44734,1361.8,16,0,30,0.5,0.2
43.23987,-112.44803,1362,16,0,30,0.5,0.2
43.24025,-112.44859,1362,16,0,30,0.5,0.2
43.24103,-112.44966,1363.1,16,0,30,0.5,0.2
43.24328,-112.45261,1367.2,16,0,30,0.5,0.2
43.24606,-112.45624,1368.6,16,0,30,0.5,0.2
43.25182,-112.46378,1365,16,0,30,0.5,0.2
43.25387,-112.46646,1364.5,16,0,30,0.5,0.2
43.25489,-112.46783,1363.6,16,0,30,0.5,0.2
43.25551,-112.46871,1363.7,16,0,30,0.5,0.2
43.25615,-112.46967,1363.5,16,0,30,0.5,0.2
43.25712,-112.47125,1363.5,16,0,30,0.5,0.2
43.26136,-112.4782,1371.7,16,0,30,0.5,0.2
43.26825,-112.48951,1375.7,16,0,30,0.5,0.2
43.27114,-112.49423,1375.7,16,0,30,0.5,0.2
43.27428,-112.49941,1376.2,16,0,30,0.5,0.2
43.27471,-112.50015,1377.1,16,0,30,0.5,0.2
43.27527,-112.5012,1379,17,0,30,0.5,0.2
43.27677,-112.50415,1381,17,0,30,0.5,0.2
43.27855,-112.50765,1379.9,17,0,30,0.5,0.2
43.27929,-112.509,1380.7,17,0,30,0.5,0.2
43.28,-112.51015,1382,17,0,30,0.5,0.2
43.28065,-112.51113,1383.3,17,0,30,0.5,0.2
43.28241,-112.51372,1382.4,17,0,30,0.5,0.2
43.28417,-112.51633,1381.7,17,0,30,0.5,0.2
43.28546,-112.51826,1381.4,17,0,30,0.5,0.2
43.28643,-112.51984,1383.9,17,0,30,0.5,0.2
43.28883,-112.5239,1384.7,17,0,30,0.5,0.2
43.29459,-112.53366,1390.6,17,0,30,0.5,0.2
43.30393,-112.54948,1402.8,17,0,30,0.5,0.2
43.30917,-112.55839,1411.9,17,0,30,0.5,0.2
43.31274,-112.56442,1409.6,17,0,30,0.5,0.2
43.32024,-112.57714,1421.2,17,0,30,0.5,0.2
43.32093,-112.5783,1422.5,17,0,30,0.5,0.2
43.32167,-112.57941,1424.1,17,0,30,0.5,0.2
43.3222,-112.58013,1425.3,17,0,30,0.5,0.2
43.32307,-112.58122,1428.1,17,0,30,0.5,0.2
43.32387,-112.58222,1430.2,17,0,30,0.5,0.2
43.32548,-112.58422,1430.4,17,0,30,0.5,0.2
43.3275,-112.58674,1433.3,17,0,30,0.5,0.2
43.32766,-112.58698,1433.3,17,0,30,0.5,0.2
43.3283,-112.5878,1436.1,17,0,30,0.5,0.2
43.33001,-112.58993,1437.8,17,0,30,0.5,0.2
43.3308,-112.59096,1439.7,18.66666667,0,30,0.5,0.2
43.33119,-112.59149,1440.5,18.66666667,0,30,0.5,0.2
43.33155,-112.59205,1441.7,18.66666667,0,30,0.5,0.2
43.33217,-112.59309,1442.6,18.66666667,0,30,0.5,0.2
43.33387,-112.59595,1445.9,18.66666667,0,30,0.5,0.2
43.3384,-112.60368,1457.6,18.66666667,0,30,0.5,0.2
43.34408,-112.61332,1463.9,18.66666667,0,30,0.5,0.2
43.34791,-112.61983,1472.9,18.66666667,0,30,0.5,0.2
43.35081,-112.62476,1476.5,18.66666667,0,30,0.5,0.2
43.35662,-112.63466,1494.6,18.66666667,0,30,0.5,0.2
43.36211,-112.64398,1495.3,18.66666667,0,30,0.5,0.2
43.36759,-112.65333,1486.4,18.66666667,0,30,0.5,0.2
43.37265,-112.66192,1475.1,18.66666667,0,30,0.5,0.2
43.38319,-112.67986,1464.1,18.66666667,0,30,0.5,0.2
43.38602,-112.68468,1464.1,18.66666667,0,30,0.5,0.2
43.38731,-112.68685,1464.1,18.66666667,0,30,0.5,0.2
43.38795,-112.68783,1464.1,18.66666667,0,30,0.5,0.2
43.38852,-112.68867,1464.1,18.66666667,0,30,0.5,0.2
43.38974,-112.69041,1464.1,18.66666667,0,30,0.5,0.2
43.39097,-112.69217,1464.1,18.66666667,0,30,0.5,0.2
43.39407,-112.6966,1467.9,14.5,0,30,0.5,0.2
43.39806,-112.70229,1472.9,14.5,0,30,0.5,0.2
43.399,-112.70366,1473.8,14.5,0,30,0.5,0.2
43.3998,-112.7049,1475.2,14.5,0,30,0.5,0.2
43.40068,-112.70634,1476,14.5,0,30,0.5,0.2
43.40167,-112.70805,1479.7,14.5,0,30,0.5,0.2
43.40276,-112.71005,1482.7,14.5,0,30,0.5,0.2
43.40331,-112.71113,1485.1,14.5,0,30,0.5,0.2
43.40392,-112.71236,1487.7,14.5,0,30,0.5,0.2
43.40509,-112.71487,1494.3,14.5,0,30,0.5,0.2
43.40655,-112.71804,1497.9,14.5,0,30,0.5,0.2
43.40967,-112.72482,1508.1,14.5,0,30,0.5,0.2
43.41078,-112.7272,1510.1,14.5,0,30,0.5,0.2
43.41125,-112.72811,1513.2,14.5,0,30,0.5,0.2
43.41158,-112.7287,1513.9,14.5,0,30,0.5,0.2
43.41228,-112.72986,1514.4,14.5,0,30,0.5,0.2
43.41389,-112.73239,1516,14.5,0,30,0.5,0.2
43.41524,-112.73453,1520.3,14.5,0,30,0.5,0.2
43.41837,-112.73946,1525.1,14.5,0,30,0.5,0.2
43.42491,-112.74977,1521.9,14.5,0,30,0.5,0.2
43.43673,-112.76841,1539.2,14.5,0,30,0.5,0.2
43.44591,-112.78288,1531,15.33333333,0,30,0.5,0.2
43.44991,-112.78921,1537,15.33333333,0,30,0.5,0.2
43.45308,-112.79413,1537,15.33333333,0,30,0.5,0.2
43.45626,-112.79903,1531,15.33333333,0,30,0.5,0.2
43.45808,-112.80184,1528,15.33333333,0,30,0.5,0.2
43.45879,-112.80298,1528,15.33333333,0,30,0.5,0.2
43.45949,-112.80413,1528.7,15.33333333,0,30,0.5,0.2
43.46088,-112.80644,1530.7,15.33333333,0,30,0.5,0.2
43.46253,-112.80919,1534.2,15.33333333,0,30,0.5,0.2
43.46592,-112.81482,1537,15.33333333,0,30,0.5,0.2
43.47784,-112.83464,1516,15.33333333,0,30,0.5,0.2
43.48194,-112.84143,1521.4,15.33333333,0,30,0.5,0.2
43.48542,-112.84724,1513.4,15.33333333,0,30,0.5,0.2
43.4868,-112.84955,1510,15.33333333,0,30,0.5,0.2
43.48881,-112.85287,1510,15.33333333,0,30,0.5,0.2
43.49167,-112.85763,1508.6,15.33333333,0,30,0.5,0.2
43.49454,-112.86241,1504.1,15.33333333,0,30,0.5,0.2
43.49593,-112.86474,1503.9,15.33333333,0,30,0.5,0.2
43.49651,-112.86578,1501,17,0,30,0.5,0.2
43.49683,-112.8664,1501.2,17,0,30,0.5,0.2
43.49753,-112.86779,1501.1,17,0,30,0.5,0.2
43.49811,-112.86905,1501.1,17,0,30,0.5,0.2
43.49866,-112.87034,1501,17,0,30,0.5,0.2
43.49971,-112.87298,1501,17,0,30,0.5,0.2
43.50083,-112.87578,1501.1,17,0,30,0.5,0.2
43.50292,-112.88104,1501.1,17,0,30,0.5,0.2
43.50412,-112.88404,1501.2,17,0,30,0.5,0.2
43.50514,-112.88657,1506.9,17,0,30,0.5,0.2
43.50569,-112.888,1504,17,0,30,0.5,0.2
43.5058,-112.88827,1504,17,0,30,0.5,0.2
43.50587,-112.88837,1504,17,0,30,0.5,0.2
43.506,-112.88851,1504,17,0,30,0.5,0.2
43.50612,-112.88858,1504,17,0,30,0.5,0.2
43.50631,-112.88865,1504,17,0,30,0.5,0.2
43.50635,-112.88918,1504.1,17,0,30,0.5,0.2
43.50654,-112.8916,1504.1,17,0,30,0.5,0.2
43.5066,-112.89252,1504.1,17,0,30,0.5,0.2
43.50721,-112.90024,1504.1,17,0,30,0.5,0.2
43.50727,-112.90099,1505.2,17,0,30,0.5,0.2
43.50734,-112.90191,1507.1,17,0,30,0.5,0.2
43.5075,-112.90397,1507.1,17,0,30,0.5,0.2
43.50775,-112.90715,1510.1,17,0,30,0.5,0.2
43.50817,-112.91238,1507.1,17,0,30,0.5,0.2
43.50926,-112.92639,1507.1,17.33333333,0,30,0.5,0.2
43.51022,-112.93875,1507.1,17.33333333,0,30,0.5,0.2
43.51069,-112.94473,1509.1,17.33333333,0,30,0.5,0.2
43.51082,-112.9461,1507.9,17.33333333,0,30,0.5,0.2
43.51099,-112.94733,1508.1,17.33333333,0,30,0.5,0.2
43.51125,-112.9486,1508.1,17.33333333,0,30,0.5,0.2
43.5115,-112.94957,1507.1,17.33333333,0,30,0.5,0.2
43.51173,-112.95034,1507.1,17.33333333,0,30,0.5,0.2
43.51216,-112.95156,1507.1,17.33333333,0,30,0.5,0.2
43.51261,-112.95259,1507.1,17.33333333,0,30,0.5,0.2
43.51297,-112.95335,1507.1,17.33333333,0,30,0.5,0.2
43.51319,-112.95376,1508,17.33333333,0,30,0.5,0.2
43.51368,-112.9546,1509.1,17.33333333,0,30,0.5,0.2
43.51414,-112.95529,1510.2,17.33333333,0,30,0.5,0.2
43.51663,-112.95891,1513.1,17.33333333,0,30,0.5,0.2
43.52168,-112.96625,1513,17.33333333,0,30,0.5,0.2
43.52359,-112.96902,1513.1,17.33333333,0,30,0.5,0.2
43.52388,-112.96944,1513.1,17.33333333,0,30,0.5,0.2
43.52425,-112.97001,1513.1,17.33333333,0,30,0.5,0.2
43.52528,-112.9715,1512.1,17.33333333,0,30,0.5,0.2
43.52829,-112.97587,1513.1,17.33333333,0,30,0.5,0.2
43.53013,-112.97854,1515.1,18.33333333,0,30,0.5,0.2
43.53794,-112.9899,1517.1,18.33333333,0,30,0.5,0.2
43.54563,-113.00109,1517.1,18.33333333,0,30,0.5,0.2
43.54688,-113.00291,1518,18.33333333,0,30,0.5,0.2
43.54727,-113.00353,1518,18.33333333,0,30,0.5,0.2
43.54757,-113.00408,1517.9,18.33333333,0,30,0.5,0.2
43.54789,-113.00475,1518,18.33333333,0,30,0.5,0.2
43.54811,-113.00529,1518.1,18.33333333,0,30,0.5,0.2
43.5486,-113.0068,1519.1,18.33333333,0,30,0.5,0.2
43.55218,-113.01862,1525.1,18.33333333,0,30,0.5,0.2
43.55246,-113.01953,1525.1,18.33333333,0,30,0.5,0.2
43.55287,-113.02075,1525.1,18.33333333,0,30,0.5,0.2
43.55369,-113.02291,1525.1,18.33333333,0,30,0.5,0.2
43.55775,-113.0334,1525.1,18.33333333,0,30,0.5,0.2
43.55979,-113.03867,1525.1,18,0,30,0.5,0.2
43.56176,-113.04388,1531.1,18,0,30,0.5,0.2
43.56254,-113.04592,1531.1,18,0,30,0.5,0.2
43.56548,-113.05369,1548.5,18,0,30,0.5,0.2
43.5706,-113.06723,1555.1,18,0,30,0.5,0.2
43.57497,-113.07877,1568.1,18,0,30,0.5,0.2
43.57958,-113.09099,1574.1,17.77777778,0,30,0.5,0.2
43.58451,-113.10402,1592.1,17.77777778,0,30,0.5,0.2
43.58533,-113.10623,1593.4,17.77777778,0,30,0.5,0.2
43.58652,-113.1093,1597.1,17.77777778,0,30,0.5,0.2
43.58875,-113.11519,1610.4,17.77777778,0,30,0.5,0.2
43.59049,-113.1198,1621.7,17.77777778,0,30,0.5,0.2
43.59253,-113.1253,1616,17.77777778,0,30,0.5,0.2
43.59526,-113.13266,1623.1,17.77777778,0,30,0.5,0.2
43.59657,-113.13619,1635.1,17.77777778,0,30,0.5,0.2
43.59774,-113.13939,1641.1,17.77777778,0,30,0.5,0.2
43.59966,-113.14457,1651.1,17.77777778,0,30,0.5,0.2
43.60019,-113.14585,1653.1,17.77777778,0,30,0.5,0.2
43.60084,-113.1473,1648.3,5,0,30,0.5,0.2
43.60514,-113.15652,1641.1,5,0,30,0.5,0.2
43.60566,-113.15767,1641.1,5,0,30,0.5,0.2
43.6059,-113.15823,1641.1,5,0,30,0.5,0.2
43.6062,-113.15918,1640.3,5,0,30,0.5,0.2
43.60636,-113.15977,1640,5,0,30,0.5,0.2
43.60651,-113.16048,1640.2,5,0,30,0.5,0.2
43.60662,-113.16114,1640.9,13.88888889,0,30,0.5,0.2
43.60668,-113.16164,1641.1,13.88888889,0,30,0.5,0.2
43.60675,-113.1624,1641.1,13.88888889,0,30,0.5,0.2
43.60683,-113.16371,1641.1,13.88888889,0,30,0.5,0.2
43.60701,-113.16701,1642.8,13.88888889,0,30,0.5,0.2
43.60727,-113.17047,1645.1,13.88888889,0,30,0.5,0.2
43.60851,-113.18962,1642.3,13.88888889,0,30,0.5,0.2
43.6088,-113.19419,1653.3,13.88888889,0,30,0.5,0.2
43.60897,-113.1967,1658.6,13.88888889,0,30,0.5,0.2
43.60926,-113.19984,1659.1,13.88888889,0,30,0.5,0.2
43.60968,-113.20426,1662.7,13.88888889,0,30,0.5,0.2
43.60978,-113.20558,1663.8,13.88888889,0,30,0.5,0.2
43.60984,-113.20734,1663.3,13.88888889,0,30,0.5,0.2
43.60986,-113.21508,1653.1,13.88888889,0,30,0.5,0.2
43.60994,-113.25923,1623,13.88888889,0,30,0.5,0.2
43.60994,-113.26141,1622.1,13.88888889,0,30,0.5,0.2
43.6109,-113.26261,1622.1,13.88888889,0,30,0.5,0.2
43.61237,-113.26453,1624.1,13.88888889,0,30,0.5,0.2
43.61357,-113.26613,1625.1,13.88888889,0,30,0.5,0.2
43.61481,-113.26773,1626.1,13.88888889,0,30,0.5,0.2
43.61583,-113.26915,1626.1,13.88888889,0,30,0.5,0.2
43.61677,-113.2705,1626.1,13.88888889,0,30,0.5,0.2
43.61704,-113.27094,1625.4,13.88888889,0,30,0.5,0.2
43.61768,-113.2721,1625.1,13.88888889,0,30,0.5,0.2
43.61791,-113.27245,1624.8,13.88888889,0,30,0.5,0.2
43.6196,-113.27494,1623.4,13.88888889,0,30,0.5,0.2
43.62501,-113.2828,1626.2,13.88888889,0,30,0.5,0.2
43.62658,-113.28519,1624.5,13.88888889,0,30,0.5,0.2
43.62695,-113.28569,1624.5,13.88888889,0,30,0.5,0.2
43.62713,-113.2859,1624.7,13.88888889,0,30,0.5,0.2
43.62729,-113.28606,1625.3,13.88888889,0,30,0.5,0.2
43.62749,-113.28621,1625.8,13.88888889,0,30,0.5,0.2
43.6277,-113.28624,1627,13.88888889,0,30,0.5,0.2
43.62787,-113.28625,1627.5,13.88888889,0,30,0.5,0.2
43.62798,-113.28628,1628.4,13.88888889,0,30,0.5,0.2
43.62814,-113.2866,1629.6,13.88888889,0,30,0.5,0.2
43.62846,-113.28731,1628.9,13.88888889,0,30,0.5,0.2
43.6287,-113.28798,1628.5,13.88888889,0,30,0.5,0.2
43.62878,-113.28819,1628.4,13.88888889,0,30,0.5,0.2
43.62976,-113.28957,1629,13.88888889,0,30,0.5,0.2
43.63086,-113.29111,1632.6,13.88888889,0,30,0.5,0.2
43.63119,-113.29157,1632.3,13.88888889,0,30,0.5,0.2
43.63271,-113.29378,1629.3,13.88888889,0,30,0.5,0.2
43.63328,-113.29456,1626.7,13.88888889,0,30,0.5,0.2
43.63352,-113.29488,1626.3,13.88888889,0,30,0.5,0.2
43.63378,-113.29526,1625.7,13.88888889,0,30,0.5,0.2
43.6339,-113.29553,1624.9,13.88888889,0,30,0.5,0.2
43.63394,-113.2958,1623.7,13.88888889,0,30,0.5,0.2
43.63395,-113.29612,1623.2,13.88888889,0,30,0.5,0.2
43.63394,-113.2964,1622.7,13.88888889,0,30,0.5,0.2
43.63388,-113.29671,1622.2,13.88888889,0,30,0.5,0.2
43.63414,-113.29704,1622.2,13.88888889,0,30,0.5,0.2
43.63571,-113.29897,1623.2,13.88888889,0,30,0.5,0.2
43.63601,-113.29933,1623.2,13.88888889,0,30,0.5,0.2
43.63661,-113.30006,1623.2,13.88888889,0,30,0.5,0.2
43.63628,-113.30057,1623.2,13.88888889,0,30,0.5,0.2
43.63594,-113.30108,1623.2,13.88888889,0,30,0.5,0.2
43.63527,-113.30212,1623.2,13.88888889,0,30,0.5,0.2
43.635,-113.30254,1623.2,13.88888889,0,30,0.5,0.2
43.63481,-113.30283,1623.2,13.88888889,0,30,0.5,0.2
43.63454,-113.30247,1623.2,13.88888889,0,30,0.5,0.2
43.63444,-113.30234,1623.2,13.88888889,0,30,0.5,0.2